id,RevolvingUtilizationOfUnsecuredLines,age,NumberOfTime30_59DaysPastDueNotWorse,DebtRatio,MonthlyIncome,NumberOfOpenCreditLinesAndLoans,NumberOfTimes90DaysLate,NumberRealEstateLoansOrLines,NumberOfTime60_89DaysPastDueNotWorse,NumberOfDependents,class
0,x<0.0,51<x<77,0<x<24,x<0.0,0.0<x<752187.0,14<x<29,0<x<24,x<0,x<0,x<0.0,NO
1,0.0<x<12677.0,51<x<77,x<0,x<0.0,0.0<x<752187.0,x>43,0<x<24,x<0,0<x<24,0.0<x<5.0,NO
2,x<0.0,x>77,0<x<24,15276.0<x<30553.0,x<0.0,0<x<14,0<x<24,x<0,0<x<24,0.0<x<5.0,NO
3,x<0.0,25<x<51,x<0,0.0<x<15276.0,x<0.0,0<x<14,0<x<24,13<x<27,0<x<24,5.0<x<10.0,NO
4,x<0.0,51<x<77,x<0,0.0<x<15276.0,x<0.0,0<x<14,x<0,0<x<13,x<0,x<0.0,NO
5,x<0.0,51<x<77,x<0,x<0.0,0.0<x<752187.0,x<0,x<0,x<0,0<x<24,x<0.0,NO
6,0.0<x<12677.0,0<x<25,0<x<24,0.0<x<15276.0,x<0.0,x>43,x<0,0<x<13,x<0,x<0.0,NO
7,x<0.0,x>77,0<x<24,x<0.0,0.0<x<752187.0,0<x<14,x<0,x<0,x<0,5.0<x<10.0,NO
8,x<0.0,0<x<25,x<0,x<0.0,0.0<x<752187.0,14<x<29,x<0,x<0,x<0,x<0.0,NO
9,x<0.0,51<x<77,x<0,15276.0<x<30553.0,x<0.0,x<0,0<x<24,x<0,x<0,0.0<x<5.0,NO
10,x<0.0,x>77,0<x<24,x<0.0,x<0.0,29<x<43,0<x<24,x<0,0<x<24,5.0<x<10.0,NO
11,0.0<x<12677.0,25<x<51,0<x<24,15276.0<x<30553.0,x<0.0,x>43,x<0,x<0,0<x<24,0.0<x<5.0,NO
12,0.0<x<12677.0,x>77,x<0,x<0.0,0.0<x<752187.0,x>43,0<x<24,13<x<27,0<x<24,0.0<x<5.0,NO
13,x<0.0,51<x<77,0<x<24,0.0<x<15276.0,0.0<x<752187.0,0<x<14,x<0,0<x<13,x<0,x<0.0,NO
14,x<0.0,x>77,x<0,15276.0<x<30553.0,0.0<x<752187.0,0<x<14,x<0,0<x<13,0<x<24,5.0<x<10.0,NO
15,0.0<x<12677.0,0<x<25,x<0,15276.0<x<30553.0,0.0<x<752187.0,x<0,0<x<24,0<x<13,0<x<24,0.0<x<5.0,NO
16,x<0.0,0<x<25,0<x<24,0.0<x<15276.0,0.0<x<752187.0,x<0,x<0,13<x<27,x<0,5.0<x<10.0,NO
17,x<0.0,51<x<77,x<0,x<0.0,0.0<x<752187.0,14<x<29,x<0,0<x<13,0<x<24,0.0<x<5.0,NO
18,0.0<x<12677.0,25<x<51,0<x<24,x<0.0,x<0.0,x<0,0<x<24,x<0,x<0,5.0<x<10.0,NO
19,x<0.0,x>77,x<0,0.0<x<15276.0,x<0.0,0<x<14,x<0,13<x<27,0<x<24,0.0<x<5.0,NO
20,0.0<x<12677.0,x>77,x<0,x<0.0,0.0<x<752187.0,14<x<29,0<x<24,0<x<13,x<0,0.0<x<5.0,NO
21,0.0<x<12677.0,51<x<77,x<0,x<0.0,0.0<x<752187.0,29<x<43,0<x<24,0<x<13,0<x<24,0.0<x<5.0,NO
22,x<0.0,25<x<51,x<0,15276.0<x<30553.0,x<0.0,14<x<29,0<x<24,13<x<27,x<0,0.0<x<5.0,NO
23,x<0.0,51<x<77,x<0,0.0<x<15276.0,x<0.0,29<x<43,x<0,0<x<13,x<0,5.0<x<10.0,NO
24,x<0.0,x>77,x<0,15276.0<x<30553.0,x<0.0,14<x<29,x<0,x<0,0<x<24,0.0<x<5.0,NO
25,x<0.0,51<x<77,x<0,0.0<x<15276.0,0.0<x<752187.0,x<0,0<x<24,13<x<27,0<x<24,5.0<x<10.0,NO
26,x<0.0,51<x<77,0<x<24,15276.0<x<30553.0,x<0.0,x>43,x<0,0<x<13,x<0,5.0<x<10.0,NO
27,0.0<x<12677.0,51<x<77,0<x<24,x<0.0,0.0<x<752187.0,x>43,x<0,x<0,x<0,x<0.0,NO
28,0.0<x<12677.0,0<x<25,x<0,15276.0<x<30553.0,x<0.0,x>43,x<0,0<x<13,x<0,0.0<x<5.0,NO
29,x<0.0,25<x<51,x<0,15276.0<x<30553.0,x<0.0,29<x<43,0<x<24,x<0,x<0,x<0.0,NO
30,0.0<x<12677.0,0<x<25,0<x<24,0.0<x<15276.0,x<0.0,14<x<29,0<x<24,13<x<27,0<x<24,x<0.0,NO
31,0.0<x<12677.0,0<x<25,0<x<24,0.0<x<15276.0,0.0<x<752187.0,14<x<29,0<x<24,x<0,0<x<24,0.0<x<5.0,NO
32,0.0<x<12677.0,25<x<51,x<0,0.0<x<15276.0,0.0<x<752187.0,29<x<43,0<x<24,13<x<27,0<x<24,5.0<x<10.0,NO
33,0.0<x<12677.0,51<x<77,x<0,x<0.0,x<0.0,0<x<14,0<x<24,x<0,0<x<24,0.0<x<5.0,NO
34,x<0.0,0<x<25,x<0,0.0<x<15276.0,x<0.0,x>43,0<x<24,0<x<13,x<0,x<0.0,NO
35,x<0.0,25<x<51,x<0,x<0.0,x<0.0,x>43,0<x<24,x<0,0<x<24,x<0.0,NO
36,0.0<x<12677.0,x>77,x<0,x<0.0,0.0<x<752187.0,x<0,0<x<24,0<x<13,0<x<24,x<0.0,NO
37,0.0<x<12677.0,x>77,x<0,x<0.0,0.0<x<752187.0,x<0,x<0,0<x<13,0<x<24,0.0<x<5.0,NO
38,x<0.0,x>77,0<x<24,0.0<x<15276.0,x<0.0,x>43,0<x<24,x<0,0<x<24,x<0.0,NO
39,x<0.0,x>77,0<x<24,15276.0<x<30553.0,x<0.0,14<x<29,0<x<24,0<x<13,0<x<24,5.0<x<10.0,NO
40,x<0.0,25<x<51,x<0,x<0.0,0.0<x<752187.0,14<x<29,x<0,0<x<13,0<x<24,x<0.0,NO
41,x<0.0,25<x<51,x<0,0.0<x<15276.0,0.0<x<752187.0,29<x<43,x<0,0<x<13,x<0,x<0.0,NO
42,x<0.0,51<x<77,x<0,x<0.0,0.0<x<752187.0,29<x<43,0<x<24,x<0,x<0,5.0<x<10.0,NO
43,0.0<x<12677.0,x>77,0<x<24,x<0.0,x<0.0,x<0,0<x<24,13<x<27,0<x<24,5.0<x<10.0,NO
44,x<0.0,0<x<25,x<0,x<0.0,0.0<x<752187.0,x<0,x<0,13<x<27,x<0,x<0.0,NO
45,x<0.0,25<x<51,0<x<24,0.0<x<15276.0,x<0.0,29<x<43,x<0,x<0,x<0,x<0.0,NO
46,0.0<x<12677.0,0<x<25,0<x<24,0.0<x<15276.0,x<0.0,0<x<14,0<x<24,13<x<27,0<x<24,x<0.0,NO
47,x<0.0,0<x<25,0<x<24,x<0.0,x<0.0,29<x<43,x<0,0<x<13,0<x<24,x<0.0,NO
48,x<0.0,x>77,x<0,0.0<x<15276.0,0.0<x<752187.0,29<x<43,0<x<24,0<x<13,0<x<24,x<0.0,NO
49,0.0<x<12677.0,0<x<25,0<x<24,x<0.0,x<0.0,14<x<29,0<x<24,0<x<13,0<x<24,5.0<x<10.0,NO
50,0.0<x<12677.0,51<x<77,x<0,15276.0<x<30553.0,0.0<x<752187.0,x<0,0<x<24,x<0,0<x<24,5.0<x<10.0,NO
51,x<0.0,51<x<77,0<x<24,15276.0<x<30553.0,0.0<x<752187.0,29<x<43,0<x<24,13<x<27,x<0,0.0<x<5.0,NO
52,x<0.0,51<x<77,0<x<24,15276.0<x<30553.0,x<0.0,29<x<43,x<0,0<x<13,0<x<24,0.0<x<5.0,NO
53,x<0.0,x>77,0<x<24,15276.0<x<30553.0,0.0<x<752187.0,29<x<43,0<x<24,0<x<13,x<0,0.0<x<5.0,NO
54,x<0.0,25<x<51,0<x<24,0.0<x<15276.0,x<0.0,0<x<14,0<x<24,x<0,x<0,x<0.0,NO
55,x<0.0,51<x<77,x<0,x<0.0,0.0<x<752187.0,x>43,x<0,13<x<27,x<0,0.0<x<5.0,NO
56,0.0<x<12677.0,25<x<51,0<x<24,x<0.0,0.0<x<752187.0,0<x<14,x<0,13<x<27,0<x<24,5.0<x<10.0,NO
57,0.0<x<12677.0,x>77,0<x<24,x<0.0,x<0.0,x<0,0<x<24,0<x<13,x<0,x<0.0,NO
58,x<0.0,51<x<77,0<x<24,0.0<x<15276.0,x<0.0,0<x<14,x<0,13<x<27,x<0,x<0.0,NO
59,x<0.0,51<x<77,x<0,15276.0<x<30553.0,x<0.0,x>43,0<x<24,x<0,x<0,0.0<x<5.0,NO
60,0.0<x<12677.0,25<x<51,0<x<24,x<0.0,x<0.0,0<x<14,0<x<24,0<x<13,0<x<24,0.0<x<5.0,YES
61,0.0<x<12677.0,0<x<25,0<x<24,x<0.0,x<0.0,0<x<14,x<0,13<x<27,0<x<24,0.0<x<5.0,NO
62,0.0<x<12677.0,x>77,0<x<24,0.0<x<15276.0,0.0<x<752187.0,14<x<29,0<x<24,x<0,0<x<24,5.0<x<10.0,NO
63,x<0.0,0<x<25,x<0,x<0.0,x<0.0,29<x<43,0<x<24,x<0,x<0,x<0.0,NO
64,0.0<x<12677.0,25<x<51,x<0,15276.0<x<30553.0,x<0.0,29<x<43,x<0,0<x<13,0<x<24,5.0<x<10.0,NO
65,x<0.0,51<x<77,x<0,0.0<x<15276.0,0.0<x<752187.0,29<x<43,0<x<24,13<x<27,x<0,0.0<x<5.0,NO
66,0.0<x<12677.0,0<x<25,0<x<24,15276.0<x<30553.0,x<0.0,x>43,x<0,13<x<27,x<0,x<0.0,NO
67,0.0<x<12677.0,51<x<77,x<0,x<0.0,0.0<x<752187.0,29<x<43,x<0,13<x<27,x<0,0.0<x<5.0,NO
68,0.0<x<12677.0,51<x<77,x<0,0.0<x<15276.0,x<0.0,29<x<43,x<0,x<0,0<x<24,0.0<x<5.0,NO
69,x<0.0,51<x<77,0<x<24,15276.0<x<30553.0,x<0.0,x>43,x<0,13<x<27,0<x<24,5.0<x<10.0,NO
70,x<0.0,x>77,0<x<24,x<0.0,x<0.0,29<x<43,0<x<24,13<x<27,x<0,x<0.0,NO
71,x<0.0,25<x<51,x<0,15276.0<x<30553.0,x<0.0,29<x<43,0<x<24,x<0,x<0,5.0<x<10.0,NO
72,0.0<x<12677.0,25<x<51,0<x<24,x<0.0,0.0<x<752187.0,0<x<14,0<x<24,0<x<13,0<x<24,0.0<x<5.0,YES
73,0.0<x<12677.0,0<x<25,x<0,0.0<x<15276.0,0.0<x<752187.0,0<x<14,0<x<24,13<x<27,x<0,x<0.0,NO
74,0.0<x<12677.0,25<x<51,0<x<24,x<0.0,x<0.0,14<x<29,0<x<24,0<x<13,x<0,5.0<x<10.0,NO
75,0.0<x<12677.0,51<x<77,x<0,0.0<x<15276.0,0.0<x<752187.0,x<0,0<x<24,x<0,0<x<24,0.0<x<5.0,NO
76,0.0<x<12677.0,25<x<51,0<x<24,15276.0<x<30553.0,x<0.0,14<x<29,0<x<24,x<0,0<x<24,5.0<x<10.0,NO
77,x<0.0,25<x<51,0<x<24,x<0.0,x<0.0,x>43,x<0,0<x<13,x<0,x<0.0,NO
78,0.0<x<12677.0,51<x<77,x<0,15276.0<x<30553.0,0.0<x<752187.0,14<x<29,0<x<24,x<0,x<0,5.0<x<10.0,NO
79,0.0<x<12677.0,0<x<25,0<x<24,15276.0<x<30553.0,x<0.0,14<x<29,x<0,x<0,0<x<24,5.0<x<10.0,NO
80,x<0.0,25<x<51,0<x<24,x<0.0,0.0<x<752187.0,x<0,x<0,x<0,x<0,5.0<x<10.0,NO
81,0.0<x<12677.0,51<x<77,x<0,x<0.0,x<0.0,x>43,x<0,x<0,0<x<24,0.0<x<5.0,NO
82,0.0<x<12677.0,x>77,x<0,15276.0<x<30553.0,x<0.0,0<x<14,0<x<24,x<0,x<0,x<0.0,NO
83,0.0<x<12677.0,x>77,x<0,15276.0<x<30553.0,x<0.0,x<0,0<x<24,0<x<13,0<x<24,0.0<x<5.0,NO
84,x<0.0,25<x<51,0<x<24,15276.0<x<30553.0,0.0<x<752187.0,x>43,x<0,13<x<27,0<x<24,0.0<x<5.0,NO
85,0.0<x<12677.0,x>77,0<x<24,x<0.0,0.0<x<752187.0,0<x<14,0<x<24,0<x<13,0<x<24,x<0.0,NO
86,0.0<x<12677.0,0<x<25,0<x<24,0.0<x<15276.0,x<0.0,29<x<43,0<x<24,13<x<27,0<x<24,0.0<x<5.0,NO
87,0.0<x<12677.0,25<x<51,x<0,x<0.0,0.0<x<752187.0,14<x<29,0<x<24,13<x<27,x<0,5.0<x<10.0,NO
88,x<0.0,0<x<25,0<x<24,0.0<x<15276.0,x<0.0,x>43,x<0,0<x<13,0<x<24,0.0<x<5.0,NO
89,x<0.0,x>77,0<x<24,15276.0<x<30553.0,x<0.0,x>43,x<0,13<x<27,x<0,x<0.0,NO
90,x<0.0,51<x<77,0<x<24,x<0.0,x<0.0,14<x<29,0<x<24,x<0,0<x<24,0.0<x<5.0,NO
91,0.0<x<12677.0,51<x<77,x<0,15276.0<x<30553.0,0.0<x<752187.0,x<0,x<0,x<0,x<0,x<0.0,NO
92,0.0<x<12677.0,51<x<77,0<x<24,0.0<x<15276.0,0.0<x<752187.0,0<x<14,x<0,0<x<13,x<0,0.0<x<5.0,NO
93,0.0<x<12677.0,25<x<51,0<x<24,x<0.0,x<0.0,x>43,0<x<24,13<x<27,x<0,5.0<x<10.0,NO
94,x<0.0,x>77,0<x<24,0.0<x<15276.0,0.0<x<752187.0,x>43,x<0,x<0,x<0,5.0<x<10.0,NO
95,0.0<x<12677.0,0<x<25,x<0,15276.0<x<30553.0,x<0.0,x>43,x<0,13<x<27,x<0,0.0<x<5.0,NO
96,x<0.0,0<x<25,0<x<24,15276.0<x<30553.0,0.0<x<752187.0,14<x<29,0<x<24,13<x<27,x<0,5.0<x<10.0,NO
97,x<0.0,51<x<77,0<x<24,x<0.0,0.0<x<752187.0,0<x<14,x<0,0<x<13,0<x<24,5.0<x<10.0,NO
98,0.0<x<12677.0,25<x<51,0<x<24,x<0.0,0.0<x<752187.0,x>43,0<x<24,x<0,x<0,0.0<x<5.0,NO
99,0.0<x<12677.0,x>77,0<x<24,x<0.0,0.0<x<752187.0,29<x<43,0<x<24,0<x<13,x<0,x<0.0,NO
100,x<0.0,0<x<25,0<x<24,15276.0<x<30553.0,0.0<x<752187.0,x>43,0<x<24,0<x<13,x<0,0.0<x<5.0,NO
101,x<0.0,x>77,0<x<24,x<0.0,0.0<x<752187.0,x<0,0<x<24,x<0,0<x<24,5.0<x<10.0,NO
102,x<0.0,x>77,x<0,x<0.0,x<0.0,x>43,0<x<24,x<0,0<x<24,0.0<x<5.0,NO
103,x<0.0,0<x<25,x<0,x<0.0,0.0<x<752187.0,x>43,0<x<24,13<x<27,x<0,5.0<x<10.0,NO
104,0.0<x<12677.0,x>77,0<x<24,x<0.0,0.0<x<752187.0,x<0,0<x<24,x<0,x<0,0.0<x<5.0,NO
105,x<0.0,0<x<25,x<0,0.0<x<15276.0,0.0<x<752187.0,x<0,0<x<24,13<x<27,x<0,0.0<x<5.0,NO
106,0.0<x<12677.0,25<x<51,x<0,x<0.0,0.0<x<752187.0,x<0,0<x<24,13<x<27,x<0,0.0<x<5.0,NO
107,x<0.0,51<x<77,0<x<24,x<0.0,x<0.0,29<x<43,0<x<24,13<x<27,0<x<24,0.0<x<5.0,NO
108,0.0<x<12677.0,0<x<25,x<0,x<0.0,x<0.0,x<0,x<0,0<x<13,0<x<24,x<0.0,NO
109,x<0.0,0<x<25,0<x<24,15276.0<x<30553.0,0.0<x<752187.0,x>43,x<0,0<x<13,x<0,x<0.0,NO
110,x<0.0,25<x<51,x<0,15276.0<x<30553.0,x<0.0,x<0,0<x<24,x<0,0<x<24,5.0<x<10.0,NO
111,0.0<x<12677.0,51<x<77,0<x<24,x<0.0,x<0.0,x>43,0<x<24,x<0,0<x<24,5.0<x<10.0,NO
112,x<0.0,25<x<51,x<0,x<0.0,x<0.0,14<x<29,x<0,0<x<13,x<0,0.0<x<5.0,NO
113,0.0<x<12677.0,51<x<77,x<0,x<0.0,x<0.0,x<0,x<0,x<0,0<x<24,5.0<x<10.0,NO
114,x<0.0,25<x<51,0<x<24,x<0.0,x<0.0,0<x<14,0<x<24,13<x<27,0<x<24,5.0<x<10.0,YES
115,0.0<x<12677.0,51<x<77,0<x<24,x<0.0,0.0<x<752187.0,14<x<29,x<0,x<0,x<0,5.0<x<10.0,NO
116,0.0<x<12677.0,51<x<77,x<0,15276.0<x<30553.0,0.0<x<752187.0,14<x<29,0<x<24,x<0,x<0,0.0<x<5.0,NO
117,0.0<x<12677.0,25<x<51,0<x<24,15276.0<x<30553.0,0.0<x<752187.0,x<0,x<0,13<x<27,0<x<24,0.0<x<5.0,NO
118,0.0<x<12677.0,x>77,0<x<24,0.0<x<15276.0,x<0.0,x>43,x<0,x<0,x<0,5.0<x<10.0,NO
119,0.0<x<12677.0,51<x<77,x<0,x<0.0,x<0.0,x<0,0<x<24,x<0,x<0,5.0<x<10.0,NO
120,x<0.0,25<x<51,x<0,x<0.0,0.0<x<752187.0,x<0,0<x<24,x<0,0<x<24,5.0<x<10.0,NO
121,0.0<x<12677.0,25<x<51,0<x<24,0.0<x<15276.0,x<0.0,x>43,x<0,13<x<27,0<x<24,x<0.0,NO
122,x<0.0,x>77,0<x<24,x<0.0,x<0.0,14<x<29,0<x<24,0<x<13,0<x<24,0.0<x<5.0,NO
123,x<0.0,0<x<25,x<0,15276.0<x<30553.0,x<0.0,x>43,0<x<24,0<x<13,0<x<24,0.0<x<5.0,NO
124,x<0.0,25<x<51,x<0,0.0<x<15276.0,0.0<x<752187.0,0<x<14,x<0,x<0,x<0,x<0.0,NO
125,0.0<x<12677.0,25<x<51,0<x<24,15276.0<x<30553.0,0.0<x<752187.0,x<0,x<0,13<x<27,x<0,0.0<x<5.0,NO
126,x<0.0,51<x<77,x<0,15276.0<x<30553.0,x<0.0,0<x<14,0<x<24,13<x<27,x<0,x<0.0,NO
127,0.0<x<12677.0,51<x<77,0<x<24,0.0<x<15276.0,0.0<x<752187.0,14<x<29,x<0,13<x<27,0<x<24,0.0<x<5.0,NO
128,x<0.0,25<x<51,x<0,0.0<x<15276.0,x<0.0,14<x<29,0<x<24,x<0,0<x<24,5.0<x<10.0,NO
129,0.0<x<12677.0,25<x<51,0<x<24,x<0.0,x<0.0,0<x<14,x<0,0<x<13,x<0,0.0<x<5.0,NO
130,x<0.0,51<x<77,0<x<24,0.0<x<15276.0,x<0.0,29<x<43,0<x<24,0<x<13,x<0,x<0.0,NO
131,x<0.0,0<x<25,x<0,0.0<x<15276.0,0.0<x<752187.0,29<x<43,x<0,0<x<13,0<x<24,0.0<x<5.0,NO
132,x<0.0,x>77,x<0,0.0<x<15276.0,x<0.0,x<0,x<0,0<x<13,x<0,5.0<x<10.0,NO
133,x<0.0,x>77,0<x<24,x<0.0,0.0<x<752187.0,14<x<29,0<x<24,0<x<13,0<x<24,5.0<x<10.0,NO
134,0.0<x<12677.0,0<x<25,x<0,15276.0<x<30553.0,0.0<x<752187.0,0<x<14,x<0,x<0,0<x<24,x<0.0,NO
135,x<0.0,x>77,x<0,15276.0<x<30553.0,x<0.0,0<x<14,0<x<24,x<0,0<x<24,0.0<x<5.0,NO
136,x<0.0,25<x<51,x<0,15276.0<x<30553.0,x<0.0,0<x<14,0<x<24,13<x<27,0<x<24,x<0.0,NO
137,0.0<x<12677.0,0<x<25,0<x<24,x<0.0,0.0<x<752187.0,0<x<14,0<x<24,x<0,0<x<24,x<0.0,NO
138,0.0<x<12677.0,0<x<25,0<x<24,x<0.0,0.0<x<752187.0,0<x<14,x<0,0<x<13,x<0,5.0<x<10.0,NO
139,0.0<x<12677.0,0<x<25,x<0,x<0.0,x<0.0,x>43,0<x<24,13<x<27,x<0,0.0<x<5.0,NO
140,x<0.0,0<x<25,x<0,15276.0<x<30553.0,x<0.0,0<x<14,x<0,x<0,x<0,0.0<x<5.0,NO
141,x<0.0,x>77,x<0,0.0<x<15276.0,x<0.0,x<0,0<x<24,x<0,0<x<24,0.0<x<5.0,NO
142,x<0.0,25<x<51,0<x<24,15276.0<x<30553.0,0.0<x<752187.0,x>43,x<0,0<x<13,x<0,5.0<x<10.0,NO
143,0.0<x<12677.0,51<x<77,x<0,15276.0<x<30553.0,x<0.0,0<x<14,0<x<24,13<x<27,x<0,0.0<x<5.0,NO
144,x<0.0,0<x<25,0<x<24,15276.0<x<30553.0,0.0<x<752187.0,x>43,0<x<24,0<x<13,x<0,0.0<x<5.0,NO
145,0.0<x<12677.0,0<x<25,0<x<24,15276.0<x<30553.0,x<0.0,0<x<14,0<x<24,0<x<13,x<0,5.0<x<10.0,NO
146,0.0<x<12677.0,25<x<51,0<x<24,x<0.0,x<0.0,0<x<14,0<x<24,0<x<13,x<0,0.0<x<5.0,NO
147,0.0<x<12677.0,51<x<77,x<0,0.0<x<15276.0,x<0.0,0<x<14,0<x<24,13<x<27,x<0,x<0.0,NO
148,0.0<x<12677.0,0<x<25,x<0,0.0<x<15276.0,x<0.0,x>43,0<x<24,13<x<27,0<x<24,0.0<x<5.0,NO
149,x<0.0,x>77,x<0,x<0.0,x<0.0,14<x<29,0<x<24,x<0,0<x<24,0.0<x<5.0,NO
150,x<0.0,x>77,x<0,x<0.0,x<0.0,29<x<43,0<x<24,13<x<27,0<x<24,0.0<x<5.0,NO
151,0.0<x<12677.0,x>77,x<0,x<0.0,x<0.0,0<x<14,x<0,0<x<13,0<x<24,0.0<x<5.0,NO
152,x<0.0,25<x<51,x<0,0.0<x<15276.0,0.0<x<752187.0,x>43,0<x<24,0<x<13,0<x<24,5.0<x<10.0,NO
153,x<0.0,25<x<51,0<x<24,15276.0<x<30553.0,x<0.0,0<x<14,0<x<24,13<x<27,x<0,0.0<x<5.0,NO
154,x<0.0,25<x<51,x<0,x<0.0,0.0<x<752187.0,x>43,x<0,0<x<13,0<x<24,x<0.0,NO
155,0.0<x<12677.0,25<x<51,x<0,x<0.0,0.0<x<752187.0,x>43,x<0,0<x<13,0<x<24,0.0<x<5.0,NO
156,x<0.0,25<x<51,x<0,x<0.0,0.0<x<752187.0,0<x<14,0<x<24,0<x<13,x<0,5.0<x<10.0,NO
157,x<0.0,0<x<25,0<x<24,15276.0<x<30553.0,x<0.0,0<x<14,0<x<24,x<0,0<x<24,5.0<x<10.0,NO
158,x<0.0,51<x<77,0<x<24,0.0<x<15276.0,0.0<x<752187.0,x<0,x<0,13<x<27,x<0,0.0<x<5.0,NO
159,x<0.0,51<x<77,x<0,0.0<x<15276.0,0.0<x<752187.0,x>43,0<x<24,0<x<13,x<0,0.0<x<5.0,NO
160,x<0.0,51<x<77,0<x<24,x<0.0,x<0.0,x>43,0<x<24,x<0,x<0,0.0<x<5.0,NO
161,0.0<x<12677.0,x>77,x<0,x<0.0,0.0<x<752187.0,29<x<43,0<x<24,x<0,0<x<24,0.0<x<5.0,NO
162,0.0<x<12677.0,0<x<25,0<x<24,15276.0<x<30553.0,0.0<x<752187.0,x>43,0<x<24,x<0,0<x<24,0.0<x<5.0,NO
163,x<0.0,51<x<77,x<0,0.0<x<15276.0,0.0<x<752187.0,14<x<29,0<x<24,x<0,0<x<24,x<0.0,NO
164,0.0<x<12677.0,51<x<77,x<0,0.0<x<15276.0,x<0.0,29<x<43,0<x<24,0<x<13,0<x<24,x<0.0,NO
165,x<0.0,51<x<77,x<0,x<0.0,x<0.0,x>43,x<0,0<x<13,x<0,x<0.0,NO
166,x<0.0,51<x<77,0<x<24,15276.0<x<30553.0,0.0<x<752187.0,x>43,x<0,13<x<27,0<x<24,5.0<x<10.0,NO
167,0.0<x<12677.0,0<x<25,x<0,x<0.0,0.0<x<752187.0,0<x<14,0<x<24,13<x<27,0<x<24,0.0<x<5.0,NO
168,0.0<x<12677.0,0<x<25,x<0,15276.0<x<30553.0,x<0.0,0<x<14,0<x<24,x<0,x<0,0.0<x<5.0,NO
169,x<0.0,x>77,x<0,0.0<x<15276.0,0.0<x<752187.0,14<x<29,x<0,x<0,x<0,0.0<x<5.0,NO
170,x<0.0,51<x<77,x<0,0.0<x<15276.0,0.0<x<752187.0,29<x<43,0<x<24,13<x<27,0<x<24,5.0<x<10.0,NO
171,0.0<x<12677.0,0<x<25,0<x<24,15276.0<x<30553.0,x<0.0,0<x<14,x<0,13<x<27,0<x<24,0.0<x<5.0,NO
172,0.0<x<12677.0,0<x<25,0<x<24,x<0.0,x<0.0,29<x<43,0<x<24,0<x<13,0<x<24,5.0<x<10.0,NO
173,x<0.0,25<x<51,0<x<24,0.0<x<15276.0,x<0.0,14<x<29,0<x<24,13<x<27,x<0,x<0.0,NO
174,0.0<x<12677.0,0<x<25,x<0,0.0<x<15276.0,x<0.0,x<0,0<x<24,x<0,0<x<24,x<0.0,NO
175,x<0.0,51<x<77,x<0,15276.0<x<30553.0,0.0<x<752187.0,14<x<29,0<x<24,x<0,0<x<24,5.0<x<10.0,NO
176,0.0<x<12677.0,x>77,0<x<24,0.0<x<15276.0,x<0.0,14<x<29,0<x<24,13<x<27,x<0,0.0<x<5.0,NO
177,0.0<x<12677.0,x>77,0<x<24,x<0.0,0.0<x<752187.0,29<x<43,0<x<24,13<x<27,0<x<24,0.0<x<5.0,NO
178,0.0<x<12677.0,25<x<51,0<x<24,15276.0<x<30553.0,0.0<x<752187.0,0<x<14,0<x<24,0<x<13,x<0,5.0<x<10.0,NO
179,0.0<x<12677.0,51<x<77,x<0,x<0.0,x<0.0,x<0,0<x<24,13<x<27,x<0,0.0<x<5.0,NO
180,0.0<x<12677.0,51<x<77,0<x<24,15276.0<x<30553.0,0.0<x<752187.0,0<x<14,x<0,0<x<13,0<x<24,0.0<x<5.0,NO
181,0.0<x<12677.0,25<x<51,0<x<24,0.0<x<15276.0,x<0.0,x>43,x<0,13<x<27,x<0,x<0.0,NO
182,0.0<x<12677.0,51<x<77,x<0,0.0<x<15276.0,0.0<x<752187.0,29<x<43,x<0,0<x<13,0<x<24,5.0<x<10.0,NO
183,0.0<x<12677.0,25<x<51,x<0,15276.0<x<30553.0,0.0<x<752187.0,x>43,0<x<24,0<x<13,x<0,0.0<x<5.0,NO
184,x<0.0,25<x<51,0<x<24,0.0<x<15276.0,x<0.0,14<x<29,x<0,x<0,x<0,0.0<x<5.0,NO
185,0.0<x<12677.0,x>77,0<x<24,15276.0<x<30553.0,0.0<x<752187.0,0<x<14,0<x<24,13<x<27,0<x<24,x<0.0,NO
186,0.0<x<12677.0,x>77,x<0,0.0<x<15276.0,x<0.0,x<0,0<x<24,13<x<27,x<0,5.0<x<10.0,NO
187,0.0<x<12677.0,0<x<25,x<0,0.0<x<15276.0,x<0.0,x>43,x<0,0<x<13,x<0,x<0.0,NO
188,x<0.0,25<x<51,x<0,x<0.0,0.0<x<752187.0,x>43,x<0,0<x<13,0<x<24,5.0<x<10.0,NO
189,x<0.0,0<x<25,0<x<24,0.0<x<15276.0,x<0.0,0<x<14,x<0,x<0,x<0,0.0<x<5.0,NO
190,x<0.0,51<x<77,x<0,15276.0<x<30553.0,0.0<x<752187.0,14<x<29,x<0,13<x<27,x<0,0.0<x<5.0,NO
191,x<0.0,x>77,0<x<24,15276.0<x<30553.0,x<0.0,x>43,x<0,13<x<27,0<x<24,0.0<x<5.0,NO
192,0.0<x<12677.0,x>77,0<x<24,x<0.0,x<0.0,14<x<29,0<x<24,13<x<27,0<x<24,5.0<x<10.0,NO
193,0.0<x<12677.0,25<x<51,x<0,x<0.0,x<0.0,14<x<29,0<x<24,13<x<27,x<0,x<0.0,NO
194,x<0.0,51<x<77,0<x<24,0.0<x<15276.0,0.0<x<752187.0,0<x<14,0<x<24,13<x<27,0<x<24,0.0<x<5.0,NO
195,x<0.0,0<x<25,x<0,0.0<x<15276.0,x<0.0,29<x<43,0<x<24,0<x<13,0<x<24,5.0<x<10.0,NO
196,x<0.0,x>77,x<0,x<0.0,0.0<x<752187.0,0<x<14,x<0,13<x<27,0<x<24,x<0.0,NO
197,x<0.0,x>77,0<x<24,15276.0<x<30553.0,x<0.0,0<x<14,x<0,x<0,x<0,5.0<x<10.0,NO
198,x<0.0,x>77,x<0,15276.0<x<30553.0,x<0.0,29<x<43,0<x<24,0<x<13,x<0,x<0.0,NO
199,x<0.0,25<x<51,0<x<24,15276.0<x<30553.0,x<0.0,14<x<29,0<x<24,13<x<27,x<0,x<0.0,NO
200,x<0.0,51<x<77,x<0,x<0.0,x<0.0,0<x<14,x<0,13<x<27,0<x<24,0.0<x<5.0,NO
201,0.0<x<12677.0,51<x<77,0<x<24,x<0.0,x<0.0,0<x<14,x<0,13<x<27,0<x<24,5.0<x<10.0,NO
202,x<0.0,25<x<51,x<0,0.0<x<15276.0,x<0.0,0<x<14,0<x<24,13<x<27,x<0,0.0<x<5.0,NO
203,0.0<x<12677.0,51<x<77,x<0,0.0<x<15276.0,0.0<x<752187.0,x>43,0<x<24,x<0,x<0,5.0<x<10.0,NO
204,0.0<x<12677.0,25<x<51,x<0,x<0.0,0.0<x<752187.0,29<x<43,x<0,x<0,x<0,x<0.0,NO
205,x<0.0,x>77,0<x<24,0.0<x<15276.0,x<0.0,29<x<43,0<x<24,0<x<13,0<x<24,5.0<x<10.0,NO
206,0.0<x<12677.0,51<x<77,0<x<24,0.0<x<15276.0,0.0<x<752187.0,29<x<43,0<x<24,0<x<13,0<x<24,x<0.0,NO
207,0.0<x<12677.0,25<x<51,x<0,15276.0<x<30553.0,x<0.0,29<x<43,0<x<24,x<0,x<0,5.0<x<10.0,NO
208,x<0.0,0<x<25,x<0,x<0.0,x<0.0,0<x<14,x<0,0<x<13,x<0,x<0.0,NO
209,0.0<x<12677.0,x>77,x<0,15276.0<x<30553.0,x<0.0,0<x<14,0<x<24,x<0,0<x<24,x<0.0,NO
210,x<0.0,51<x<77,x<0,x<0.0,x<0.0,x>43,x<0,13<x<27,0<x<24,0.0<x<5.0,NO
211,0.0<x<12677.0,x>77,0<x<24,0.0<x<15276.0,x<0.0,x>43,x<0,x<0,x<0,0.0<x<5.0,NO
212,x<0.0,x>77,x<0,x<0.0,0.0<x<752187.0,x<0,x<0,0<x<13,x<0,x<0.0,NO
213,0.0<x<12677.0,0<x<25,0<x<24,15276.0<x<30553.0,0.0<x<752187.0,29<x<43,0<x<24,x<0,0<x<24,x<0.0,NO
214,0.0<x<12677.0,51<x<77,0<x<24,0.0<x<15276.0,0.0<x<752187.0,29<x<43,x<0,0<x<13,x<0,x<0.0,NO
215,0.0<x<12677.0,x>77,0<x<24,15276.0<x<30553.0,0.0<x<752187.0,14<x<29,0<x<24,0<x<13,x<0,0.0<x<5.0,NO
216,0.0<x<12677.0,25<x<51,0<x<24,x<0.0,x<0.0,14<x<29,x<0,13<x<27,x<0,0.0<x<5.0,NO
217,0.0<x<12677.0,x>77,0<x<24,0.0<x<15276.0,x<0.0,14<x<29,x<0,x<0,0<x<24,5.0<x<10.0,NO
218,0.0<x<12677.0,25<x<51,x<0,0.0<x<15276.0,0.0<x<752187.0,29<x<43,0<x<24,0<x<13,x<0,5.0<x<10.0,NO
219,0.0<x<12677.0,25<x<51,0<x<24,15276.0<x<30553.0,x<0.0,x<0,x<0,13<x<27,0<x<24,x<0.0,NO
220,x<0.0,0<x<25,0<x<24,x<0.0,x<0.0,29<x<43,x<0,x<0,0<x<24,0.0<x<5.0,NO
221,0.0<x<12677.0,51<x<77,x<0,0.0<x<15276.0,x<0.0,x>43,0<x<24,x<0,x<0,x<0.0,NO
222,0.0<x<12677.0,25<x<51,0<x<24,0.0<x<15276.0,x<0.0,x<0,x<0,x<0,x<0,x<0.0,NO
223,x<0.0,51<x<77,0<x<24,x<0.0,0.0<x<752187.0,14<x<29,0<x<24,0<x<13,x<0,0.0<x<5.0,NO
224,0.0<x<12677.0,x>77,x<0,0.0<x<15276.0,0.0<x<752187.0,x>43,0<x<24,x<0,0<x<24,5.0<x<10.0,NO
225,x<0.0,25<x<51,x<0,0.0<x<15276.0,x<0.0,29<x<43,0<x<24,0<x<13,x<0,0.0<x<5.0,NO
226,0.0<x<12677.0,51<x<77,x<0,15276.0<x<30553.0,x<0.0,x<0,0<x<24,13<x<27,x<0,0.0<x<5.0,NO
227,0.0<x<12677.0,25<x<51,x<0,x<0.0,0.0<x<752187.0,0<x<14,0<x<24,x<0,0<x<24,x<0.0,NO
228,0.0<x<12677.0,0<x<25,0<x<24,15276.0<x<30553.0,0.0<x<752187.0,14<x<29,0<x<24,0<x<13,0<x<24,5.0<x<10.0,NO
229,x<0.0,51<x<77,x<0,15276.0<x<30553.0,0.0<x<752187.0,14<x<29,x<0,13<x<27,x<0,0.0<x<5.0,NO
230,x<0.0,x>77,0<x<24,x<0.0,x<0.0,29<x<43,x<0,13<x<27,x<0,0.0<x<5.0,NO
231,x<0.0,25<x<51,0<x<24,x<0.0,0.0<x<752187.0,29<x<43,x<0,x<0,x<0,5.0<x<10.0,NO
232,x<0.0,25<x<51,x<0,0.0<x<15276.0,0.0<x<752187.0,0<x<14,x<0,x<0,x<0,5.0<x<10.0,NO
233,x<0.0,x>77,0<x<24,x<0.0,0.0<x<752187.0,0<x<14,0<x<24,0<x<13,x<0,0.0<x<5.0,NO
234,x<0.0,x>77,x<0,15276.0<x<30553.0,x<0.0,x>43,0<x<24,0<x<13,0<x<24,5.0<x<10.0,NO
235,0.0<x<12677.0,51<x<77,0<x<24,0.0<x<15276.0,0.0<x<752187.0,29<x<43,0<x<24,0<x<13,x<0,0.0<x<5.0,NO
236,x<0.0,51<x<77,x<0,15276.0<x<30553.0,0.0<x<752187.0,29<x<43,0<x<24,x<0,0<x<24,5.0<x<10.0,NO
237,x<0.0,0<x<25,x<0,x<0.0,x<0.0,x>43,0<x<24,x<0,0<x<24,5.0<x<10.0,NO
238,x<0.0,51<x<77,0<x<24,15276.0<x<30553.0,x<0.0,29<x<43,x<0,0<x<13,0<x<24,0.0<x<5.0,NO
239,x<0.0,25<x<51,x<0,x<0.0,0.0<x<752187.0,29<x<43,x<0,x<0,x<0,x<0.0,NO
240,x<0.0,51<x<77,0<x<24,0.0<x<15276.0,0.0<x<752187.0,x>43,x<0,x<0,x<0,x<0.0,NO
241,x<0.0,0<x<25,0<x<24,x<0.0,x<0.0,14<x<29,0<x<24,13<x<27,x<0,5.0<x<10.0,NO
242,x<0.0,0<x<25,0<x<24,x<0.0,0.0<x<752187.0,29<x<43,x<0,0<x<13,x<0,5.0<x<10.0,NO
243,0.0<x<12677.0,51<x<77,x<0,0.0<x<15276.0,x<0.0,0<x<14,0<x<24,0<x<13,0<x<24,x<0.0,NO
244,0.0<x<12677.0,25<x<51,0<x<24,15276.0<x<30553.0,0.0<x<752187.0,0<x<14,x<0,x<0,x<0,x<0.0,NO
245,x<0.0,51<x<77,x<0,15276.0<x<30553.0,0.0<x<752187.0,x<0,0<x<24,x<0,x<0,x<0.0,NO
246,0.0<x<12677.0,25<x<51,x<0,0.0<x<15276.0,x<0.0,x<0,x<0,0<x<13,x<0,0.0<x<5.0,NO
247,0.0<x<12677.0,0<x<25,x<0,0.0<x<15276.0,x<0.0,0<x<14,x<0,0<x<13,x<0,0.0<x<5.0,NO
248,x<0.0,x>77,0<x<24,x<0.0,0.0<x<752187.0,14<x<29,x<0,x<0,x<0,5.0<x<10.0,NO
249,0.0<x<12677.0,0<x<25,0<x<24,15276.0<x<30553.0,0.0<x<752187.0,x>43,x<0,x<0,0<x<24,0.0<x<5.0,NO
250,0.0<x<12677.0,25<x<51,x<0,0.0<x<15276.0,0.0<x<752187.0,x>43,0<x<24,x<0,0<x<24,5.0<x<10.0,NO
251,0.0<x<12677.0,25<x<51,x<0,15276.0<x<30553.0,0.0<x<752187.0,14<x<29,0<x<24,0<x<13,0<x<24,5.0<x<10.0,NO
252,0.0<x<12677.0,x>77,x<0,15276.0<x<30553.0,x<0.0,x<0,0<x<24,x<0,0<x<24,5.0<x<10.0,NO
253,0.0<x<12677.0,0<x<25,0<x<24,0.0<x<15276.0,x<0.0,x<0,0<x<24,0<x<13,0<x<24,0.0<x<5.0,YES
254,x<0.0,25<x<51,0<x<24,x<0.0,x<0.0,x<0,x<0,x<0,x<0,x<0.0,NO
255,x<0.0,0<x<25,0<x<24,15276.0<x<30553.0,0.0<x<752187.0,29<x<43,x<0,x<0,0<x<24,0.0<x<5.0,NO
256,0.0<x<12677.0,51<x<77,x<0,x<0.0,x<0.0,x>43,0<x<24,13<x<27,0<x<24,x<0.0,NO
257,0.0<x<12677.0,51<x<77,x<0,0.0<x<15276.0,0.0<x<752187.0,29<x<43,x<0,13<x<27,x<0,x<0.0,NO
258,x<0.0,x>77,0<x<24,0.0<x<15276.0,x<0.0,14<x<29,x<0,13<x<27,0<x<24,x<0.0,NO
259,0.0<x<12677.0,51<x<77,0<x<24,0.0<x<15276.0,x<0.0,29<x<43,x<0,13<x<27,x<0,5.0<x<10.0,NO
260,x<0.0,25<x<51,0<x<24,15276.0<x<30553.0,0.0<x<752187.0,x>43,0<x<24,13<x<27,x<0,x<0.0,NO
261,x<0.0,25<x<51,x<0,x<0.0,0.0<x<752187.0,x>43,0<x<24,x<0,x<0,5.0<x<10.0,NO
262,0.0<x<12677.0,51<x<77,x<0,x<0.0,x<0.0,29<x<43,x<0,13<x<27,0<x<24,x<0.0,NO
263,0.0<x<12677.0,51<x<77,x<0,0.0<x<15276.0,0.0<x<752187.0,29<x<43,0<x<24,13<x<27,0<x<24,5.0<x<10.0,NO
264,0.0<x<12677.0,0<x<25,0<x<24,0.0<x<15276.0,0.0<x<752187.0,x>43,x<0,13<x<27,x<0,5.0<x<10.0,NO
265,x<0.0,25<x<51,x<0,x<0.0,0.0<x<752187.0,14<x<29,0<x<24,0<x<13,0<x<24,5.0<x<10.0,NO
266,0.0<x<12677.0,x>77,x<0,15276.0<x<30553.0,0.0<x<752187.0,0<x<14,0<x<24,0<x<13,x<0,0.0<x<5.0,NO
267,0.0<x<12677.0,0<x<25,0<x<24,x<0.0,x<0.0,29<x<43,0<x<24,0<x<13,0<x<24,0.0<x<5.0,NO
268,x<0.0,25<x<51,x<0,15276.0<x<30553.0,0.0<x<752187.0,x<0,0<x<24,13<x<27,0<x<24,0.0<x<5.0,NO
269,x<0.0,0<x<25,0<x<24,15276.0<x<30553.0,0.0<x<752187.0,14<x<29,0<x<24,0<x<13,0<x<24,5.0<x<10.0,NO
270,x<0.0,51<x<77,0<x<24,15276.0<x<30553.0,x<0.0,29<x<43,0<x<24,13<x<27,x<0,5.0<x<10.0,NO
271,x<0.0,51<x<77,0<x<24,x<0.0,0.0<x<752187.0,29<x<43,x<0,0<x<13,0<x<24,5.0<x<10.0,NO
272,0.0<x<12677.0,x>77,x<0,x<0.0,x<0.0,x>43,x<0,0<x<13,x<0,x<0.0,NO
273,0.0<x<12677.0,51<x<77,0<x<24,x<0.0,x<0.0,14<x<29,0<x<24,13<x<27,x<0,x<0.0,NO
274,x<0.0,25<x<51,0<x<24,15276.0<x<30553.0,x<0.0,x>43,x<0,13<x<27,x<0,0.0<x<5.0,NO
275,x<0.0,51<x<77,x<0,0.0<x<15276.0,x<0.0,14<x<29,x<0,x<0,x<0,0.0<x<5.0,NO
276,0.0<x<12677.0,25<x<51,x<0,x<0.0,x<0.0,29<x<43,x<0,0<x<13,x<0,x<0.0,NO
277,x<0.0,x>77,0<x<24,x<0.0,0.0<x<752187.0,29<x<43,x<0,0<x<13,x<0,x<0.0,NO
278,x<0.0,0<x<25,x<0,x<0.0,0.0<x<752187.0,29<x<43,0<x<24,0<x<13,x<0,0.0<x<5.0,NO
279,x<0.0,x>77,0<x<24,0.0<x<15276.0,0.0<x<752187.0,29<x<43,x<0,x<0,0<x<24,5.0<x<10.0,NO
280,x<0.0,25<x<51,0<x<24,0.0<x<15276.0,x<0.0,x<0,x<0,0<x<13,0<x<24,5.0<x<10.0,NO
281,0.0<x<12677.0,51<x<77,0<x<24,x<0.0,x<0.0,x<0,0<x<24,0<x<13,0<x<24,x<0.0,NO
282,x<0.0,x>77,x<0,0.0<x<15276.0,0.0<x<752187.0,x<0,0<x<24,13<x<27,x<0,x<0.0,NO
283,x<0.0,x>77,0<x<24,x<0.0,0.0<x<752187.0,x>43,0<x<24,x<0,x<0,5.0<x<10.0,NO
284,0.0<x<12677.0,51<x<77,0<x<24,15276.0<x<30553.0,0.0<x<752187.0,29<x<43,0<x<24,x<0,x<0,5.0<x<10.0,NO
285,x<0.0,x>77,0<x<24,15276.0<x<30553.0,0.0<x<752187.0,29<x<43,0<x<24,0<x<13,0<x<24,5.0<x<10.0,NO
286,x<0.0,0<x<25,0<x<24,15276.0<x<30553.0,0.0<x<752187.0,0<x<14,x<0,x<0,0<x<24,0.0<x<5.0,NO
287,0.0<x<12677.0,51<x<77,x<0,0.0<x<15276.0,0.0<x<752187.0,x<0,0<x<24,13<x<27,x<0,x<0.0,NO
288,0.0<x<12677.0,0<x<25,x<0,15276.0<x<30553.0,0.0<x<752187.0,x<0,x<0,0<x<13,0<x<24,5.0<x<10.0,NO
289,x<0.0,25<x<51,0<x<24,0.0<x<15276.0,x<0.0,x>43,0<x<24,0<x<13,0<x<24,x<0.0,NO
290,x<0.0,0<x<25,0<x<24,x<0.0,x<0.0,29<x<43,0<x<24,13<x<27,0<x<24,5.0<x<10.0,NO
291,0.0<x<12677.0,51<x<77,0<x<24,0.0<x<15276.0,x<0.0,0<x<14,x<0,13<x<27,x<0,5.0<x<10.0,NO
292,0.0<x<12677.0,x>77,x<0,0.0<x<15276.0,x<0.0,x>43,x<0,13<x<27,x<0,5.0<x<10.0,NO
293,x<0.0,25<x<51,0<x<24,0.0<x<15276.0,x<0.0,0<x<14,x<0,x<0,0<x<24,5.0<x<10.0,NO
294,0.0<x<12677.0,51<x<77,x<0,0.0<x<15276.0,0.0<x<752187.0,29<x<43,x<0,x<0,0<x<24,x<0.0,NO
295,x<0.0,x>77,x<0,x<0.0,0.0<x<752187.0,29<x<43,x<0,x<0,x<0,0.0<x<5.0,NO
296,x<0.0,x>77,x<0,x<0.0,0.0<x<752187.0,0<x<14,0<x<24,13<x<27,0<x<24,x<0.0,NO
297,x<0.0,x>77,0<x<24,15276.0<x<30553.0,0.0<x<752187.0,x<0,x<0,x<0,0<x<24,5.0<x<10.0,NO
298,x<0.0,51<x<77,0<x<24,x<0.0,0.0<x<752187.0,14<x<29,0<x<24,x<0,x<0,5.0<x<10.0,NO
299,0.0<x<12677.0,25<x<51,x<0,x<0.0,x<0.0,0<x<14,x<0,x<0,0<x<24,x<0.0,NO
300,0.0<x<12677.0,x>77,x<0,15276.0<x<30553.0,0.0<x<752187.0,0<x<14,0<x<24,x<0,x<0,x<0.0,NO
301,0.0<x<12677.0,x>77,x<0,15276.0<x<30553.0,0.0<x<752187.0,x<0,0<x<24,0<x<13,x<0,5.0<x<10.0,NO
302,0.0<x<12677.0,51<x<77,0<x<24,0.0<x<15276.0,0.0<x<752187.0,14<x<29,0<x<24,x<0,x<0,0.0<x<5.0,NO
303,x<0.0,0<x<25,0<x<24,x<0.0,0.0<x<752187.0,0<x<14,x<0,13<x<27,0<x<24,x<0.0,NO
304,0.0<x<12677.0,0<x<25,0<x<24,x<0.0,0.0<x<752187.0,x<0,0<x<24,13<x<27,0<x<24,5.0<x<10.0,YES
305,0.0<x<12677.0,51<x<77,x<0,15276.0<x<30553.0,0.0<x<752187.0,x>43,0<x<24,0<x<13,0<x<24,5.0<x<10.0,NO
306,x<0.0,25<x<51,x<0,15276.0<x<30553.0,0.0<x<752187.0,29<x<43,0<x<24,13<x<27,x<0,x<0.0,NO
307,x<0.0,51<x<77,0<x<24,0.0<x<15276.0,0.0<x<752187.0,0<x<14,x<0,0<x<13,0<x<24,x<0.0,NO
308,0.0<x<12677.0,51<x<77,x<0,0.0<x<15276.0,x<0.0,x>43,0<x<24,13<x<27,0<x<24,5.0<x<10.0,NO
309,x<0.0,25<x<51,0<x<24,x<0.0,x<0.0,29<x<43,0<x<24,0<x<13,0<x<24,5.0<x<10.0,NO
310,x<0.0,51<x<77,x<0,0.0<x<15276.0,0.0<x<752187.0,0<x<14,0<x<24,x<0,0<x<24,5.0<x<10.0,NO
311,0.0<x<12677.0,x>77,x<0,15276.0<x<30553.0,0.0<x<752187.0,0<x<14,0<x<24,0<x<13,x<0,5.0<x<10.0,NO
312,x<0.0,25<x<51,0<x<24,15276.0<x<30553.0,x<0.0,0<x<14,0<x<24,13<x<27,x<0,5.0<x<10.0,NO
313,x<0.0,x>77,x<0,15276.0<x<30553.0,0.0<x<752187.0,x<0,x<0,0<x<13,x<0,0.0<x<5.0,NO
314,x<0.0,51<x<77,x<0,x<0.0,0.0<x<752187.0,x>43,x<0,13<x<27,x<0,0.0<x<5.0,NO
315,0.0<x<12677.0,51<x<77,0<x<24,x<0.0,x<0.0,0<x<14,0<x<24,13<x<27,x<0,5.0<x<10.0,NO
316,x<0.0,0<x<25,0<x<24,x<0.0,x<0.0,0<x<14,x<0,0<x<13,x<0,5.0<x<10.0,NO
317,0.0<x<12677.0,x>77,0<x<24,0.0<x<15276.0,0.0<x<752187.0,29<x<43,x<0,13<x<27,0<x<24,0.0<x<5.0,NO
318,x<0.0,51<x<77,0<x<24,x<0.0,0.0<x<752187.0,29<x<43,0<x<24,0<x<13,x<0,x<0.0,NO
319,x<0.0,51<x<77,0<x<24,x<0.0,0.0<x<752187.0,0<x<14,x<0,13<x<27,x<0,x<0.0,NO
320,x<0.0,51<x<77,x<0,15276.0<x<30553.0,0.0<x<752187.0,x<0,x<0,13<x<27,x<0,x<0.0,NO
321,x<0.0,x>77,0<x<24,x<0.0,x<0.0,29<x<43,0<x<24,x<0,0<x<24,5.0<x<10.0,NO
322,x<0.0,x>77,0<x<24,0.0<x<15276.0,x<0.0,x>43,0<x<24,0<x<13,x<0,x<0.0,NO
323,0.0<x<12677.0,51<x<77,x<0,0.0<x<15276.0,0.0<x<752187.0,x<0,x<0,13<x<27,0<x<24,5.0<x<10.0,NO
324,0.0<x<12677.0,25<x<51,x<0,x<0.0,0.0<x<752187.0,x>43,x<0,13<x<27,0<x<24,x<0.0,NO
325,0.0<x<12677.0,0<x<25,x<0,x<0.0,0.0<x<752187.0,x<0,x<0,13<x<27,x<0,x<0.0,NO
326,x<0.0,x>77,0<x<24,x<0.0,x<0.0,x<0,x<0,13<x<27,0<x<24,x<0.0,NO
327,0.0<x<12677.0,51<x<77,0<x<24,0.0<x<15276.0,0.0<x<752187.0,29<x<43,0<x<24,13<x<27,x<0,x<0.0,NO
328,0.0<x<12677.0,51<x<77,x<0,x<0.0,0.0<x<752187.0,29<x<43,0<x<24,x<0,0<x<24,x<0.0,NO
329,x<0.0,25<x<51,x<0,15276.0<x<30553.0,x<0.0,29<x<43,x<0,0<x<13,x<0,0.0<x<5.0,NO
330,x<0.0,51<x<77,x<0,x<0.0,x<0.0,x>43,0<x<24,x<0,x<0,5.0<x<10.0,NO
331,0.0<x<12677.0,25<x<51,x<0,15276.0<x<30553.0,x<0.0,14<x<29,0<x<24,0<x<13,0<x<24,x<0.0,NO
332,x<0.0,x>77,0<x<24,0.0<x<15276.0,0.0<x<752187.0,x<0,x<0,13<x<27,x<0,x<0.0,NO
333,0.0<x<12677.0,51<x<77,x<0,0.0<x<15276.0,x<0.0,x<0,0<x<24,0<x<13,x<0,x<0.0,NO
334,0.0<x<12677.0,x>77,0<x<24,0.0<x<15276.0,x<0.0,29<x<43,x<0,x<0,x<0,0.0<x<5.0,NO
335,0.0<x<12677.0,51<x<77,x<0,x<0.0,0.0<x<752187.0,0<x<14,x<0,x<0,0<x<24,0.0<x<5.0,NO
336,0.0<x<12677.0,51<x<77,0<x<24,x<0.0,x<0.0,29<x<43,x<0,0<x<13,0<x<24,0.0<x<5.0,NO
337,x<0.0,51<x<77,x<0,x<0.0,x<0.0,x<0,0<x<24,0<x<13,x<0,0.0<x<5.0,NO
338,0.0<x<12677.0,51<x<77,0<x<24,x<0.0,x<0.0,29<x<43,x<0,13<x<27,x<0,0.0<x<5.0,NO
339,0.0<x<12677.0,25<x<51,0<x<24,15276.0<x<30553.0,x<0.0,x>43,0<x<24,x<0,0<x<24,0.0<x<5.0,NO
340,x<0.0,25<x<51,x<0,0.0<x<15276.0,x<0.0,0<x<14,x<0,x<0,x<0,5.0<x<10.0,NO
341,x<0.0,51<x<77,x<0,x<0.0,x<0.0,14<x<29,x<0,13<x<27,0<x<24,x<0.0,NO
342,x<0.0,25<x<51,x<0,x<0.0,x<0.0,x<0,x<0,0<x<13,x<0,x<0.0,NO
343,x<0.0,0<x<25,0<x<24,x<0.0,0.0<x<752187.0,14<x<29,0<x<24,x<0,x<0,5.0<x<10.0,NO
344,x<0.0,x>77,x<0,0.0<x<15276.0,x<0.0,29<x<43,0<x<24,0<x<13,x<0,0.0<x<5.0,NO
345,0.0<x<12677.0,x>77,x<0,x<0.0,0.0<x<752187.0,14<x<29,0<x<24,x<0,0<x<24,5.0<x<10.0,NO
346,0.0<x<12677.0,51<x<77,0<x<24,x<0.0,x<0.0,x>43,0<x<24,13<x<27,x<0,x<0.0,NO
347,x<0.0,51<x<77,0<x<24,x<0.0,0.0<x<752187.0,0<x<14,x<0,0<x<13,0<x<24,x<0.0,NO
348,0.0<x<12677.0,51<x<77,x<0,x<0.0,x<0.0,x>43,x<0,x<0,0<x<24,5.0<x<10.0,NO
349,0.0<x<12677.0,x>77,x<0,x<0.0,x<0.0,0<x<14,x<0,13<x<27,0<x<24,5.0<x<10.0,NO
350,0.0<x<12677.0,x>77,x<0,x<0.0,0.0<x<752187.0,29<x<43,0<x<24,0<x<13,0<x<24,0.0<x<5.0,NO
351,x<0.0,25<x<51,x<0,x<0.0,x<0.0,29<x<43,x<0,0<x<13,x<0,5.0<x<10.0,NO
352,x<0.0,x>77,x<0,x<0.0,0.0<x<752187.0,14<x<29,0<x<24,13<x<27,x<0,0.0<x<5.0,NO
353,x<0.0,25<x<51,0<x<24,0.0<x<15276.0,0.0<x<752187.0,14<x<29,0<x<24,13<x<27,0<x<24,x<0.0,NO
354,x<0.0,25<x<51,0<x<24,x<0.0,x<0.0,0<x<14,x<0,x<0,0<x<24,5.0<x<10.0,NO
355,x<0.0,0<x<25,x<0,x<0.0,0.0<x<752187.0,x<0,0<x<24,x<0,0<x<24,5.0<x<10.0,NO
356,x<0.0,x>77,0<x<24,15276.0<x<30553.0,0.0<x<752187.0,x<0,x<0,0<x<13,x<0,x<0.0,NO
357,x<0.0,25<x<51,x<0,0.0<x<15276.0,x<0.0,0<x<14,0<x<24,13<x<27,x<0,0.0<x<5.0,NO
358,0.0<x<12677.0,25<x<51,0<x<24,15276.0<x<30553.0,x<0.0,x>43,x<0,x<0,0<x<24,x<0.0,NO
359,0.0<x<12677.0,51<x<77,x<0,0.0<x<15276.0,0.0<x<752187.0,0<x<14,x<0,x<0,x<0,x<0.0,NO
360,x<0.0,51<x<77,x<0,x<0.0,0.0<x<752187.0,0<x<14,0<x<24,0<x<13,x<0,5.0<x<10.0,NO
361,0.0<x<12677.0,0<x<25,x<0,0.0<x<15276.0,0.0<x<752187.0,14<x<29,0<x<24,0<x<13,0<x<24,0.0<x<5.0,NO
362,x<0.0,51<x<77,0<x<24,x<0.0,x<0.0,x<0,x<0,0<x<13,x<0,x<0.0,NO
363,x<0.0,51<x<77,0<x<24,15276.0<x<30553.0,0.0<x<752187.0,14<x<29,x<0,13<x<27,x<0,x<0.0,NO
364,0.0<x<12677.0,25<x<51,0<x<24,15276.0<x<30553.0,x<0.0,x>43,x<0,x<0,x<0,x<0.0,NO
365,0.0<x<12677.0,x>77,x<0,x<0.0,x<0.0,x>43,0<x<24,0<x<13,0<x<24,5.0<x<10.0,NO
366,0.0<x<12677.0,25<x<51,0<x<24,0.0<x<15276.0,0.0<x<752187.0,14<x<29,0<x<24,13<x<27,x<0,5.0<x<10.0,NO
367,x<0.0,25<x<51,0<x<24,x<0.0,x<0.0,14<x<29,x<0,13<x<27,x<0,0.0<x<5.0,NO
368,0.0<x<12677.0,0<x<25,0<x<24,15276.0<x<30553.0,x<0.0,x<0,x<0,x<0,x<0,0.0<x<5.0,NO
369,x<0.0,25<x<51,0<x<24,x<0.0,0.0<x<752187.0,0<x<14,0<x<24,13<x<27,x<0,5.0<x<10.0,NO
370,x<0.0,51<x<77,0<x<24,15276.0<x<30553.0,0.0<x<752187.0,14<x<29,x<0,x<0,x<0,0.0<x<5.0,NO
371,x<0.0,x>77,0<x<24,0.0<x<15276.0,0.0<x<752187.0,14<x<29,x<0,0<x<13,0<x<24,5.0<x<10.0,NO
372,0.0<x<12677.0,0<x<25,x<0,15276.0<x<30553.0,x<0.0,0<x<14,x<0,x<0,x<0,x<0.0,NO
373,x<0.0,51<x<77,x<0,x<0.0,0.0<x<752187.0,29<x<43,x<0,x<0,x<0,x<0.0,NO
374,0.0<x<12677.0,51<x<77,0<x<24,x<0.0,x<0.0,x<0,0<x<24,0<x<13,x<0,0.0<x<5.0,NO
375,0.0<x<12677.0,x>77,x<0,0.0<x<15276.0,0.0<x<752187.0,x>43,0<x<24,0<x<13,x<0,0.0<x<5.0,NO
376,x<0.0,51<x<77,x<0,15276.0<x<30553.0,0.0<x<752187.0,x<0,x<0,0<x<13,0<x<24,0.0<x<5.0,NO
377,x<0.0,51<x<77,0<x<24,15276.0<x<30553.0,0.0<x<752187.0,14<x<29,x<0,13<x<27,0<x<24,5.0<x<10.0,NO
378,x<0.0,0<x<25,x<0,15276.0<x<30553.0,x<0.0,29<x<43,0<x<24,13<x<27,0<x<24,x<0.0,NO
379,0.0<x<12677.0,25<x<51,0<x<24,0.0<x<15276.0,x<0.0,0<x<14,0<x<24,13<x<27,x<0,x<0.0,NO
380,x<0.0,51<x<77,x<0,15276.0<x<30553.0,x<0.0,x<0,0<x<24,x<0,0<x<24,5.0<x<10.0,NO
381,x<0.0,51<x<77,0<x<24,0.0<x<15276.0,x<0.0,0<x<14,0<x<24,0<x<13,0<x<24,5.0<x<10.0,NO
382,0.0<x<12677.0,25<x<51,0<x<24,0.0<x<15276.0,0.0<x<752187.0,14<x<29,x<0,x<0,x<0,5.0<x<10.0,NO
383,x<0.0,25<x<51,x<0,0.0<x<15276.0,x<0.0,0<x<14,0<x<24,13<x<27,x<0,x<0.0,NO
384,x<0.0,51<x<77,x<0,x<0.0,x<0.0,14<x<29,x<0,13<x<27,0<x<24,0.0<x<5.0,NO
385,0.0<x<12677.0,51<x<77,0<x<24,15276.0<x<30553.0,0.0<x<752187.0,29<x<43,x<0,x<0,0<x<24,x<0.0,NO
386,0.0<x<12677.0,x>77,0<x<24,15276.0<x<30553.0,x<0.0,14<x<29,0<x<24,13<x<27,0<x<24,5.0<x<10.0,NO
387,0.0<x<12677.0,0<x<25,0<x<24,0.0<x<15276.0,0.0<x<752187.0,0<x<14,0<x<24,x<0,0<x<24,x<0.0,NO
388,x<0.0,x>77,0<x<24,0.0<x<15276.0,0.0<x<752187.0,14<x<29,x<0,0<x<13,0<x<24,x<0.0,NO
389,x<0.0,0<x<25,x<0,15276.0<x<30553.0,x<0.0,29<x<43,x<0,13<x<27,x<0,x<0.0,NO
390,0.0<x<12677.0,0<x<25,x<0,0.0<x<15276.0,0.0<x<752187.0,29<x<43,x<0,x<0,x<0,5.0<x<10.0,NO
391,x<0.0,x>77,0<x<24,x<0.0,x<0.0,x>43,0<x<24,0<x<13,x<0,5.0<x<10.0,NO
392,x<0.0,25<x<51,x<0,x<0.0,x<0.0,14<x<29,x<0,13<x<27,x<0,0.0<x<5.0,NO
393,0.0<x<12677.0,51<x<77,x<0,x<0.0,x<0.0,x<0,0<x<24,x<0,x<0,0.0<x<5.0,NO
394,x<0.0,25<x<51,0<x<24,15276.0<x<30553.0,0.0<x<752187.0,x<0,0<x<24,13<x<27,0<x<24,0.0<x<5.0,YES
395,0.0<x<12677.0,0<x<25,0<x<24,0.0<x<15276.0,0.0<x<752187.0,x>43,0<x<24,x<0,0<x<24,5.0<x<10.0,NO
396,0.0<x<12677.0,0<x<25,0<x<24,x<0.0,0.0<x<752187.0,x<0,x<0,13<x<27,x<0,5.0<x<10.0,NO
397,0.0<x<12677.0,0<x<25,0<x<24,0.0<x<15276.0,x<0.0,29<x<43,x<0,x<0,x<0,0.0<x<5.0,NO
398,x<0.0,x>77,0<x<24,0.0<x<15276.0,x<0.0,29<x<43,x<0,13<x<27,x<0,x<0.0,NO
399,0.0<x<12677.0,51<x<77,0<x<24,0.0<x<15276.0,x<0.0,x<0,0<x<24,x<0,0<x<24,5.0<x<10.0,NO
400,x<0.0,0<x<25,x<0,x<0.0,0.0<x<752187.0,x<0,0<x<24,13<x<27,x<0,0.0<x<5.0,NO
401,0.0<x<12677.0,x>77,0<x<24,15276.0<x<30553.0,0.0<x<752187.0,x>43,0<x<24,13<x<27,x<0,x<0.0,NO
402,0.0<x<12677.0,0<x<25,0<x<24,0.0<x<15276.0,x<0.0,x>43,x<0,x<0,0<x<24,x<0.0,NO
403,x<0.0,x>77,0<x<24,0.0<x<15276.0,0.0<x<752187.0,0<x<14,x<0,0<x<13,x<0,5.0<x<10.0,NO
404,x<0.0,x>77,0<x<24,15276.0<x<30553.0,x<0.0,0<x<14,x<0,x<0,x<0,x<0.0,NO
405,0.0<x<12677.0,51<x<77,x<0,0.0<x<15276.0,x<0.0,x<0,x<0,0<x<13,x<0,x<0.0,NO
406,x<0.0,51<x<77,0<x<24,x<0.0,0.0<x<752187.0,x<0,0<x<24,13<x<27,0<x<24,x<0.0,NO
407,x<0.0,x>77,x<0,15276.0<x<30553.0,x<0.0,x>43,x<0,0<x<13,0<x<24,5.0<x<10.0,NO
408,x<0.0,x>77,x<0,15276.0<x<30553.0,0.0<x<752187.0,x<0,0<x<24,x<0,x<0,0.0<x<5.0,NO
409,x<0.0,x>77,0<x<24,x<0.0,x<0.0,0<x<14,x<0,x<0,0<x<24,5.0<x<10.0,NO
410,0.0<x<12677.0,25<x<51,0<x<24,15276.0<x<30553.0,0.0<x<752187.0,14<x<29,0<x<24,x<0,0<x<24,0.0<x<5.0,NO
411,0.0<x<12677.0,51<x<77,0<x<24,15276.0<x<30553.0,x<0.0,x<0,0<x<24,13<x<27,0<x<24,5.0<x<10.0,NO
412,x<0.0,x>77,0<x<24,0.0<x<15276.0,0.0<x<752187.0,0<x<14,x<0,13<x<27,0<x<24,5.0<x<10.0,NO
413,x<0.0,51<x<77,0<x<24,15276.0<x<30553.0,0.0<x<752187.0,x<0,x<0,13<x<27,0<x<24,5.0<x<10.0,NO
414,0.0<x<12677.0,x>77,0<x<24,15276.0<x<30553.0,x<0.0,x>43,0<x<24,13<x<27,0<x<24,x<0.0,NO
415,x<0.0,51<x<77,0<x<24,x<0.0,0.0<x<752187.0,x<0,0<x<24,0<x<13,0<x<24,x<0.0,NO
416,x<0.0,x>77,x<0,x<0.0,x<0.0,x>43,0<x<24,13<x<27,0<x<24,5.0<x<10.0,NO
417,x<0.0,x>77,0<x<24,x<0.0,0.0<x<752187.0,x>43,x<0,0<x<13,x<0,5.0<x<10.0,NO
418,x<0.0,51<x<77,x<0,0.0<x<15276.0,0.0<x<752187.0,14<x<29,x<0,x<0,x<0,0.0<x<5.0,NO
419,0.0<x<12677.0,x>77,0<x<24,0.0<x<15276.0,x<0.0,14<x<29,x<0,13<x<27,x<0,5.0<x<10.0,NO
420,0.0<x<12677.0,25<x<51,x<0,15276.0<x<30553.0,0.0<x<752187.0,x<0,0<x<24,x<0,0<x<24,x<0.0,NO
421,x<0.0,25<x<51,0<x<24,x<0.0,0.0<x<752187.0,x<0,x<0,13<x<27,x<0,x<0.0,NO
422,0.0<x<12677.0,25<x<51,x<0,x<0.0,x<0.0,29<x<43,x<0,x<0,x<0,x<0.0,NO
423,x<0.0,x>77,0<x<24,x<0.0,x<0.0,x<0,x<0,0<x<13,x<0,x<0.0,NO
424,x<0.0,51<x<77,x<0,x<0.0,0.0<x<752187.0,29<x<43,0<x<24,0<x<13,x<0,0.0<x<5.0,NO
425,0.0<x<12677.0,0<x<25,x<0,15276.0<x<30553.0,x<0.0,x>43,0<x<24,0<x<13,0<x<24,x<0.0,NO
426,x<0.0,51<x<77,0<x<24,0.0<x<15276.0,x<0.0,14<x<29,x<0,x<0,x<0,0.0<x<5.0,NO
427,x<0.0,0<x<25,0<x<24,0.0<x<15276.0,x<0.0,29<x<43,0<x<24,0<x<13,x<0,0.0<x<5.0,NO
428,0.0<x<12677.0,25<x<51,0<x<24,0.0<x<15276.0,0.0<x<752187.0,0<x<14,x<0,13<x<27,0<x<24,x<0.0,NO
429,0.0<x<12677.0,0<x<25,x<0,x<0.0,0.0<x<752187.0,x<0,0<x<24,0<x<13,x<0,5.0<x<10.0,NO
430,0.0<x<12677.0,0<x<25,0<x<24,15276.0<x<30553.0,x<0.0,14<x<29,0<x<24,0<x<13,x<0,x<0.0,NO
431,x<0.0,0<x<25,0<x<24,x<0.0,0.0<x<752187.0,29<x<43,0<x<24,x<0,x<0,x<0.0,NO
432,0.0<x<12677.0,0<x<25,x<0,x<0.0,x<0.0,x>43,x<0,x<0,0<x<24,5.0<x<10.0,NO
433,x<0.0,51<x<77,x<0,x<0.0,x<0.0,x<0,x<0,x<0,x<0,0.0<x<5.0,NO
434,0.0<x<12677.0,x>77,x<0,0.0<x<15276.0,x<0.0,0<x<14,x<0,13<x<27,x<0,0.0<x<5.0,NO
435,x<0.0,25<x<51,x<0,15276.0<x<30553.0,0.0<x<752187.0,14<x<29,0<x<24,x<0,x<0,x<0.0,NO
436,x<0.0,25<x<51,x<0,15276.0<x<30553.0,0.0<x<752187.0,29<x<43,x<0,13<x<27,x<0,5.0<x<10.0,NO
437,0.0<x<12677.0,51<x<77,0<x<24,15276.0<x<30553.0,0.0<x<752187.0,x<0,x<0,13<x<27,0<x<24,x<0.0,NO
438,x<0.0,x>77,x<0,15276.0<x<30553.0,x<0.0,29<x<43,x<0,0<x<13,0<x<24,0.0<x<5.0,NO
439,0.0<x<12677.0,25<x<51,0<x<24,0.0<x<15276.0,0.0<x<752187.0,0<x<14,x<0,x<0,x<0,x<0.0,NO
440,0.0<x<12677.0,x>77,x<0,15276.0<x<30553.0,x<0.0,0<x<14,0<x<24,x<0,0<x<24,x<0.0,NO
441,0.0<x<12677.0,25<x<51,0<x<24,x<0.0,0.0<x<752187.0,x>43,0<x<24,0<x<13,x<0,0.0<x<5.0,NO
442,x<0.0,0<x<25,0<x<24,x<0.0,0.0<x<752187.0,x<0,0<x<24,13<x<27,x<0,x<0.0,NO
443,x<0.0,51<x<77,x<0,15276.0<x<30553.0,x<0.0,x<0,x<0,x<0,x<0,x<0.0,NO
444,x<0.0,25<x<51,0<x<24,0.0<x<15276.0,x<0.0,x>43,0<x<24,x<0,x<0,0.0<x<5.0,NO
445,0.0<x<12677.0,25<x<51,x<0,0.0<x<15276.0,x<0.0,x<0,x<0,x<0,0<x<24,x<0.0,NO
446,0.0<x<12677.0,x>77,x<0,x<0.0,x<0.0,x<0,x<0,0<x<13,x<0,5.0<x<10.0,NO
447,0.0<x<12677.0,25<x<51,0<x<24,x<0.0,0.0<x<752187.0,14<x<29,0<x<24,x<0,0<x<24,x<0.0,NO
448,x<0.0,0<x<25,0<x<24,15276.0<x<30553.0,0.0<x<752187.0,x>43,x<0,0<x<13,x<0,5.0<x<10.0,NO
449,x<0.0,25<x<51,0<x<24,x<0.0,0.0<x<752187.0,14<x<29,x<0,13<x<27,0<x<24,5.0<x<10.0,NO
450,0.0<x<12677.0,x>77,0<x<24,x<0.0,0.0<x<752187.0,0<x<14,0<x<24,0<x<13,x<0,x<0.0,NO
451,x<0.0,x>77,0<x<24,15276.0<x<30553.0,0.0<x<752187.0,14<x<29,x<0,0<x<13,x<0,0.0<x<5.0,NO
452,x<0.0,0<x<25,0<x<24,15276.0<x<30553.0,0.0<x<752187.0,x<0,0<x<24,13<x<27,0<x<24,x<0.0,NO
453,0.0<x<12677.0,25<x<51,x<0,x<0.0,0.0<x<752187.0,0<x<14,x<0,13<x<27,0<x<24,0.0<x<5.0,NO
454,x<0.0,x>77,x<0,x<0.0,0.0<x<752187.0,14<x<29,x<0,0<x<13,0<x<24,5.0<x<10.0,NO
455,0.0<x<12677.0,51<x<77,0<x<24,x<0.0,x<0.0,14<x<29,0<x<24,13<x<27,0<x<24,x<0.0,NO
456,x<0.0,x>77,0<x<24,15276.0<x<30553.0,x<0.0,14<x<29,x<0,13<x<27,x<0,0.0<x<5.0,NO
457,0.0<x<12677.0,51<x<77,x<0,x<0.0,x<0.0,x<0,0<x<24,13<x<27,0<x<24,x<0.0,NO
458,0.0<x<12677.0,51<x<77,x<0,x<0.0,x<0.0,0<x<14,x<0,x<0,0<x<24,x<0.0,NO
459,0.0<x<12677.0,25<x<51,x<0,0.0<x<15276.0,0.0<x<752187.0,x<0,x<0,13<x<27,0<x<24,x<0.0,NO
460,x<0.0,51<x<77,x<0,0.0<x<15276.0,0.0<x<752187.0,0<x<14,x<0,13<x<27,x<0,0.0<x<5.0,NO
461,0.0<x<12677.0,51<x<77,x<0,0.0<x<15276.0,x<0.0,x<0,x<0,13<x<27,x<0,5.0<x<10.0,NO
462,x<0.0,x>77,x<0,x<0.0,x<0.0,29<x<43,0<x<24,13<x<27,x<0,5.0<x<10.0,NO
463,0.0<x<12677.0,0<x<25,x<0,0.0<x<15276.0,0.0<x<752187.0,0<x<14,0<x<24,13<x<27,0<x<24,0.0<x<5.0,NO
464,0.0<x<12677.0,25<x<51,x<0,15276.0<x<30553.0,x<0.0,0<x<14,x<0,x<0,0<x<24,0.0<x<5.0,NO
465,0.0<x<12677.0,51<x<77,x<0,15276.0<x<30553.0,x<0.0,x>43,0<x<24,13<x<27,x<0,0.0<x<5.0,NO
466,0.0<x<12677.0,25<x<51,0<x<24,0.0<x<15276.0,0.0<x<752187.0,0<x<14,x<0,0<x<13,0<x<24,0.0<x<5.0,NO
467,0.0<x<12677.0,0<x<25,0<x<24,x<0.0,0.0<x<752187.0,x<0,x<0,13<x<27,x<0,0.0<x<5.0,NO
468,0.0<x<12677.0,25<x<51,x<0,0.0<x<15276.0,0.0<x<752187.0,x>43,0<x<24,13<x<27,x<0,x<0.0,NO
469,0.0<x<12677.0,0<x<25,0<x<24,0.0<x<15276.0,0.0<x<752187.0,29<x<43,x<0,13<x<27,0<x<24,5.0<x<10.0,NO
470,x<0.0,0<x<25,x<0,15276.0<x<30553.0,0.0<x<752187.0,0<x<14,0<x<24,x<0,0<x<24,x<0.0,NO
471,x<0.0,51<x<77,0<x<24,0.0<x<15276.0,x<0.0,14<x<29,x<0,13<x<27,0<x<24,x<0.0,NO
472,0.0<x<12677.0,0<x<25,x<0,x<0.0,0.0<x<752187.0,x<0,0<x<24,x<0,0<x<24,x<0.0,NO
473,0.0<x<12677.0,x>77,x<0,15276.0<x<30553.0,0.0<x<752187.0,x>43,0<x<24,x<0,0<x<24,5.0<x<10.0,NO
474,0.0<x<12677.0,x>77,x<0,0.0<x<15276.0,x<0.0,29<x<43,x<0,0<x<13,0<x<24,5.0<x<10.0,NO
475,x<0.0,0<x<25,x<0,x<0.0,x<0.0,14<x<29,x<0,13<x<27,x<0,5.0<x<10.0,NO
476,0.0<x<12677.0,25<x<51,0<x<24,15276.0<x<30553.0,x<0.0,0<x<14,0<x<24,0<x<13,x<0,5.0<x<10.0,NO
477,x<0.0,51<x<77,x<0,15276.0<x<30553.0,x<0.0,0<x<14,x<0,13<x<27,0<x<24,0.0<x<5.0,NO
478,0.0<x<12677.0,x>77,x<0,15276.0<x<30553.0,0.0<x<752187.0,x>43,0<x<24,13<x<27,0<x<24,x<0.0,NO
479,0.0<x<12677.0,51<x<77,x<0,0.0<x<15276.0,0.0<x<752187.0,29<x<43,0<x<24,0<x<13,x<0,5.0<x<10.0,NO
480,0.0<x<12677.0,0<x<25,x<0,15276.0<x<30553.0,x<0.0,29<x<43,x<0,x<0,x<0,x<0.0,NO
481,0.0<x<12677.0,51<x<77,x<0,0.0<x<15276.0,0.0<x<752187.0,0<x<14,x<0,0<x<13,x<0,0.0<x<5.0,NO
482,x<0.0,0<x<25,x<0,15276.0<x<30553.0,x<0.0,29<x<43,0<x<24,13<x<27,0<x<24,0.0<x<5.0,NO
483,x<0.0,0<x<25,0<x<24,15276.0<x<30553.0,x<0.0,x<0,0<x<24,x<0,x<0,x<0.0,NO
484,0.0<x<12677.0,51<x<77,x<0,x<0.0,x<0.0,14<x<29,x<0,x<0,0<x<24,5.0<x<10.0,NO
485,0.0<x<12677.0,0<x<25,0<x<24,0.0<x<15276.0,x<0.0,x>43,0<x<24,0<x<13,x<0,0.0<x<5.0,NO
486,x<0.0,x>77,x<0,0.0<x<15276.0,0.0<x<752187.0,29<x<43,0<x<24,0<x<13,x<0,x<0.0,NO
487,x<0.0,25<x<51,x<0,x<0.0,0.0<x<752187.0,x<0,0<x<24,0<x<13,0<x<24,0.0<x<5.0,NO
488,0.0<x<12677.0,25<x<51,x<0,x<0.0,x<0.0,0<x<14,x<0,13<x<27,x<0,5.0<x<10.0,NO
489,x<0.0,0<x<25,0<x<24,15276.0<x<30553.0,0.0<x<752187.0,x>43,0<x<24,x<0,0<x<24,x<0.0,NO
490,x<0.0,0<x<25,x<0,15276.0<x<30553.0,x<0.0,29<x<43,x<0,x<0,0<x<24,5.0<x<10.0,NO
491,0.0<x<12677.0,51<x<77,0<x<24,15276.0<x<30553.0,x<0.0,14<x<29,0<x<24,x<0,0<x<24,x<0.0,NO
492,0.0<x<12677.0,51<x<77,x<0,x<0.0,x<0.0,14<x<29,0<x<24,x<0,0<x<24,x<0.0,NO
493,0.0<x<12677.0,0<x<25,x<0,0.0<x<15276.0,0.0<x<752187.0,x<0,x<0,13<x<27,x<0,x<0.0,NO
494,0.0<x<12677.0,25<x<51,0<x<24,x<0.0,0.0<x<752187.0,14<x<29,0<x<24,0<x<13,0<x<24,0.0<x<5.0,NO
495,0.0<x<12677.0,51<x<77,x<0,15276.0<x<30553.0,x<0.0,x<0,0<x<24,x<0,0<x<24,0.0<x<5.0,NO
496,0.0<x<12677.0,51<x<77,0<x<24,x<0.0,0.0<x<752187.0,14<x<29,x<0,13<x<27,x<0,0.0<x<5.0,NO
497,0.0<x<12677.0,25<x<51,x<0,15276.0<x<30553.0,0.0<x<752187.0,0<x<14,0<x<24,0<x<13,x<0,5.0<x<10.0,NO
498,0.0<x<12677.0,51<x<77,x<0,15276.0<x<30553.0,0.0<x<752187.0,x<0,x<0,0<x<13,0<x<24,5.0<x<10.0,NO
499,0.0<x<12677.0,x>77,x<0,x<0.0,0.0<x<752187.0,29<x<43,x<0,0<x<13,0<x<24,5.0<x<10.0,NO
500,0.0<x<12677.0,x>77,0<x<24,15276.0<x<30553.0,x<0.0,29<x<43,x<0,x<0,0<x<24,5.0<x<10.0,NO
501,x<0.0,51<x<77,0<x<24,x<0.0,0.0<x<752187.0,29<x<43,x<0,13<x<27,0<x<24,x<0.0,NO
502,0.0<x<12677.0,25<x<51,0<x<24,15276.0<x<30553.0,x<0.0,14<x<29,x<0,0<x<13,0<x<24,5.0<x<10.0,NO
503,x<0.0,51<x<77,x<0,15276.0<x<30553.0,0.0<x<752187.0,x<0,0<x<24,0<x<13,x<0,0.0<x<5.0,NO
504,x<0.0,51<x<77,x<0,15276.0<x<30553.0,x<0.0,x>43,x<0,0<x<13,x<0,0.0<x<5.0,NO
505,0.0<x<12677.0,25<x<51,x<0,x<0.0,x<0.0,x>43,x<0,13<x<27,x<0,5.0<x<10.0,NO
506,0.0<x<12677.0,25<x<51,0<x<24,0.0<x<15276.0,x<0.0,x<0,0<x<24,x<0,0<x<24,0.0<x<5.0,NO
507,x<0.0,51<x<77,x<0,x<0.0,0.0<x<752187.0,29<x<43,x<0,13<x<27,x<0,x<0.0,NO
508,0.0<x<12677.0,25<x<51,0<x<24,x<0.0,0.0<x<752187.0,x<0,0<x<24,13<x<27,x<0,5.0<x<10.0,NO
509,0.0<x<12677.0,x>77,0<x<24,15276.0<x<30553.0,0.0<x<752187.0,14<x<29,x<0,0<x<13,x<0,x<0.0,NO
510,0.0<x<12677.0,25<x<51,0<x<24,x<0.0,0.0<x<752187.0,0<x<14,0<x<24,x<0,0<x<24,5.0<x<10.0,NO
511,x<0.0,x>77,0<x<24,x<0.0,x<0.0,0<x<14,0<x<24,13<x<27,0<x<24,x<0.0,NO
512,x<0.0,25<x<51,x<0,0.0<x<15276.0,0.0<x<752187.0,14<x<29,x<0,0<x<13,x<0,0.0<x<5.0,NO
513,x<0.0,25<x<51,x<0,0.0<x<15276.0,0.0<x<752187.0,x<0,x<0,0<x<13,0<x<24,5.0<x<10.0,NO
514,0.0<x<12677.0,51<x<77,x<0,x<0.0,x<0.0,14<x<29,x<0,0<x<13,0<x<24,x<0.0,NO
515,x<0.0,0<x<25,x<0,15276.0<x<30553.0,0.0<x<752187.0,14<x<29,x<0,0<x<13,0<x<24,5.0<x<10.0,NO
516,0.0<x<12677.0,x>77,0<x<24,x<0.0,0.0<x<752187.0,x>43,x<0,13<x<27,x<0,x<0.0,NO
517,x<0.0,0<x<25,0<x<24,x<0.0,x<0.0,29<x<43,0<x<24,x<0,x<0,5.0<x<10.0,NO
518,0.0<x<12677.0,51<x<77,x<0,15276.0<x<30553.0,0.0<x<752187.0,0<x<14,x<0,13<x<27,0<x<24,x<0.0,NO
519,x<0.0,25<x<51,0<x<24,15276.0<x<30553.0,0.0<x<752187.0,x<0,x<0,13<x<27,0<x<24,0.0<x<5.0,NO
520,x<0.0,x>77,x<0,15276.0<x<30553.0,x<0.0,x>43,x<0,13<x<27,x<0,x<0.0,NO
521,x<0.0,0<x<25,0<x<24,15276.0<x<30553.0,x<0.0,14<x<29,0<x<24,0<x<13,x<0,x<0.0,NO
522,0.0<x<12677.0,x>77,0<x<24,0.0<x<15276.0,0.0<x<752187.0,14<x<29,0<x<24,13<x<27,x<0,5.0<x<10.0,NO
523,0.0<x<12677.0,x>77,0<x<24,0.0<x<15276.0,x<0.0,14<x<29,0<x<24,x<0,x<0,5.0<x<10.0,NO
524,0.0<x<12677.0,51<x<77,0<x<24,x<0.0,x<0.0,x>43,x<0,0<x<13,x<0,x<0.0,NO
525,0.0<x<12677.0,51<x<77,0<x<24,x<0.0,x<0.0,x>43,x<0,0<x<13,0<x<24,0.0<x<5.0,NO
526,0.0<x<12677.0,51<x<77,0<x<24,x<0.0,x<0.0,x<0,0<x<24,0<x<13,x<0,x<0.0,NO
527,x<0.0,51<x<77,x<0,15276.0<x<30553.0,x<0.0,x<0,x<0,x<0,x<0,0.0<x<5.0,NO
528,x<0.0,x>77,x<0,15276.0<x<30553.0,x<0.0,0<x<14,0<x<24,0<x<13,0<x<24,5.0<x<10.0,NO
529,0.0<x<12677.0,25<x<51,x<0,0.0<x<15276.0,x<0.0,14<x<29,0<x<24,13<x<27,x<0,0.0<x<5.0,NO
530,x<0.0,51<x<77,0<x<24,0.0<x<15276.0,x<0.0,14<x<29,x<0,x<0,x<0,0.0<x<5.0,NO
531,0.0<x<12677.0,51<x<77,0<x<24,x<0.0,x<0.0,29<x<43,x<0,0<x<13,0<x<24,5.0<x<10.0,NO
532,x<0.0,51<x<77,0<x<24,0.0<x<15276.0,x<0.0,x>43,0<x<24,0<x<13,0<x<24,x<0.0,NO
533,x<0.0,x>77,0<x<24,15276.0<x<30553.0,x<0.0,14<x<29,0<x<24,x<0,x<0,x<0.0,NO
534,0.0<x<12677.0,0<x<25,x<0,x<0.0,0.0<x<752187.0,0<x<14,0<x<24,x<0,0<x<24,5.0<x<10.0,NO
535,x<0.0,51<x<77,0<x<24,15276.0<x<30553.0,0.0<x<752187.0,x>43,0<x<24,0<x<13,x<0,x<0.0,NO
536,x<0.0,x>77,x<0,15276.0<x<30553.0,x<0.0,0<x<14,0<x<24,x<0,0<x<24,5.0<x<10.0,NO
537,0.0<x<12677.0,0<x<25,x<0,x<0.0,0.0<x<752187.0,x<0,0<x<24,0<x<13,0<x<24,5.0<x<10.0,NO
538,0.0<x<12677.0,0<x<25,0<x<24,15276.0<x<30553.0,x<0.0,14<x<29,x<0,x<0,x<0,5.0<x<10.0,NO
539,x<0.0,25<x<51,x<0,15276.0<x<30553.0,0.0<x<752187.0,0<x<14,x<0,0<x<13,x<0,0.0<x<5.0,NO
540,x<0.0,51<x<77,x<0,0.0<x<15276.0,x<0.0,29<x<43,0<x<24,13<x<27,0<x<24,0.0<x<5.0,NO
541,x<0.0,0<x<25,x<0,0.0<x<15276.0,0.0<x<752187.0,0<x<14,0<x<24,13<x<27,0<x<24,5.0<x<10.0,NO
542,0.0<x<12677.0,0<x<25,0<x<24,0.0<x<15276.0,0.0<x<752187.0,x>43,0<x<24,13<x<27,0<x<24,5.0<x<10.0,NO
543,x<0.0,0<x<25,x<0,0.0<x<15276.0,x<0.0,14<x<29,0<x<24,13<x<27,x<0,x<0.0,NO
544,x<0.0,0<x<25,0<x<24,x<0.0,0.0<x<752187.0,29<x<43,x<0,13<x<27,0<x<24,5.0<x<10.0,NO
545,0.0<x<12677.0,25<x<51,x<0,0.0<x<15276.0,0.0<x<752187.0,0<x<14,0<x<24,0<x<13,x<0,0.0<x<5.0,NO
546,0.0<x<12677.0,0<x<25,x<0,x<0.0,0.0<x<752187.0,14<x<29,x<0,0<x<13,x<0,0.0<x<5.0,NO
547,x<0.0,x>77,x<0,x<0.0,0.0<x<752187.0,x<0,0<x<24,0<x<13,x<0,x<0.0,NO
548,x<0.0,25<x<51,0<x<24,0.0<x<15276.0,x<0.0,29<x<43,x<0,13<x<27,x<0,0.0<x<5.0,NO
549,0.0<x<12677.0,51<x<77,x<0,15276.0<x<30553.0,0.0<x<752187.0,x<0,0<x<24,13<x<27,0<x<24,x<0.0,NO
550,x<0.0,0<x<25,x<0,x<0.0,x<0.0,29<x<43,x<0,0<x<13,0<x<24,x<0.0,NO
551,0.0<x<12677.0,x>77,x<0,0.0<x<15276.0,x<0.0,29<x<43,x<0,x<0,x<0,5.0<x<10.0,NO
552,x<0.0,0<x<25,x<0,x<0.0,x<0.0,0<x<14,x<0,0<x<13,x<0,0.0<x<5.0,NO
553,0.0<x<12677.0,x>77,x<0,x<0.0,0.0<x<752187.0,14<x<29,0<x<24,x<0,0<x<24,x<0.0,NO
554,x<0.0,x>77,x<0,15276.0<x<30553.0,0.0<x<752187.0,29<x<43,x<0,0<x<13,0<x<24,0.0<x<5.0,NO
555,x<0.0,25<x<51,x<0,15276.0<x<30553.0,x<0.0,0<x<14,0<x<24,13<x<27,x<0,0.0<x<5.0,NO
556,0.0<x<12677.0,25<x<51,0<x<24,x<0.0,0.0<x<752187.0,0<x<14,x<0,0<x<13,0<x<24,5.0<x<10.0,NO
557,x<0.0,25<x<51,0<x<24,15276.0<x<30553.0,0.0<x<752187.0,x>43,0<x<24,x<0,0<x<24,5.0<x<10.0,NO
558,x<0.0,25<x<51,x<0,15276.0<x<30553.0,x<0.0,0<x<14,x<0,0<x<13,x<0,x<0.0,NO
559,0.0<x<12677.0,0<x<25,x<0,0.0<x<15276.0,0.0<x<752187.0,x<0,x<0,x<0,0<x<24,x<0.0,NO
560,0.0<x<12677.0,0<x<25,0<x<24,0.0<x<15276.0,0.0<x<752187.0,0<x<14,x<0,x<0,x<0,5.0<x<10.0,NO
561,0.0<x<12677.0,25<x<51,0<x<24,0.0<x<15276.0,x<0.0,29<x<43,0<x<24,0<x<13,0<x<24,5.0<x<10.0,NO
562,x<0.0,x>77,x<0,15276.0<x<30553.0,x<0.0,x>43,x<0,13<x<27,0<x<24,5.0<x<10.0,NO
563,x<0.0,25<x<51,0<x<24,15276.0<x<30553.0,0.0<x<752187.0,x<0,0<x<24,0<x<13,x<0,5.0<x<10.0,NO
564,x<0.0,x>77,x<0,x<0.0,0.0<x<752187.0,x>43,x<0,0<x<13,x<0,0.0<x<5.0,NO
565,0.0<x<12677.0,x>77,0<x<24,15276.0<x<30553.0,0.0<x<752187.0,x>43,0<x<24,13<x<27,x<0,x<0.0,NO
566,0.0<x<12677.0,51<x<77,0<x<24,0.0<x<15276.0,x<0.0,x>43,0<x<24,0<x<13,0<x<24,0.0<x<5.0,NO
567,0.0<x<12677.0,51<x<77,x<0,15276.0<x<30553.0,0.0<x<752187.0,0<x<14,x<0,13<x<27,0<x<24,0.0<x<5.0,NO
568,x<0.0,51<x<77,x<0,x<0.0,x<0.0,x>43,0<x<24,x<0,0<x<24,x<0.0,NO
569,0.0<x<12677.0,51<x<77,0<x<24,0.0<x<15276.0,0.0<x<752187.0,29<x<43,x<0,0<x<13,0<x<24,5.0<x<10.0,NO
570,x<0.0,0<x<25,0<x<24,0.0<x<15276.0,x<0.0,x>43,x<0,x<0,0<x<24,x<0.0,NO
571,0.0<x<12677.0,51<x<77,x<0,0.0<x<15276.0,0.0<x<752187.0,29<x<43,x<0,0<x<13,x<0,5.0<x<10.0,NO
572,0.0<x<12677.0,25<x<51,0<x<24,15276.0<x<30553.0,0.0<x<752187.0,29<x<43,x<0,13<x<27,0<x<24,x<0.0,NO
573,x<0.0,51<x<77,x<0,0.0<x<15276.0,x<0.0,14<x<29,0<x<24,13<x<27,0<x<24,0.0<x<5.0,NO
574,x<0.0,0<x<25,0<x<24,15276.0<x<30553.0,0.0<x<752187.0,29<x<43,0<x<24,13<x<27,0<x<24,5.0<x<10.0,NO
575,x<0.0,51<x<77,0<x<24,x<0.0,x<0.0,x<0,x<0,x<0,0<x<24,5.0<x<10.0,NO
576,x<0.0,x>77,0<x<24,15276.0<x<30553.0,0.0<x<752187.0,14<x<29,x<0,13<x<27,x<0,0.0<x<5.0,NO
577,0.0<x<12677.0,0<x<25,x<0,x<0.0,0.0<x<752187.0,x<0,x<0,x<0,x<0,5.0<x<10.0,NO
578,0.0<x<12677.0,0<x<25,x<0,x<0.0,x<0.0,x<0,0<x<24,13<x<27,x<0,x<0.0,NO
579,0.0<x<12677.0,x>77,0<x<24,0.0<x<15276.0,x<0.0,29<x<43,x<0,0<x<13,0<x<24,5.0<x<10.0,NO
580,x<0.0,51<x<77,x<0,0.0<x<15276.0,0.0<x<752187.0,x>43,0<x<24,0<x<13,0<x<24,x<0.0,NO
581,0.0<x<12677.0,x>77,0<x<24,15276.0<x<30553.0,0.0<x<752187.0,x>43,0<x<24,13<x<27,x<0,x<0.0,NO
582,x<0.0,51<x<77,x<0,x<0.0,0.0<x<752187.0,0<x<14,0<x<24,0<x<13,x<0,0.0<x<5.0,NO
583,x<0.0,25<x<51,x<0,x<0.0,0.0<x<752187.0,29<x<43,0<x<24,0<x<13,0<x<24,x<0.0,NO
584,x<0.0,x>77,x<0,0.0<x<15276.0,x<0.0,x<0,x<0,x<0,0<x<24,5.0<x<10.0,NO
585,x<0.0,x>77,x<0,0.0<x<15276.0,x<0.0,x>43,x<0,0<x<13,0<x<24,x<0.0,NO
586,0.0<x<12677.0,0<x<25,0<x<24,15276.0<x<30553.0,0.0<x<752187.0,14<x<29,x<0,13<x<27,x<0,x<0.0,NO
587,x<0.0,25<x<51,x<0,15276.0<x<30553.0,x<0.0,x<0,x<0,0<x<13,0<x<24,x<0.0,NO
588,0.0<x<12677.0,25<x<51,0<x<24,0.0<x<15276.0,0.0<x<752187.0,0<x<14,x<0,x<0,x<0,0.0<x<5.0,NO
589,0.0<x<12677.0,x>77,0<x<24,15276.0<x<30553.0,x<0.0,x>43,0<x<24,13<x<27,x<0,5.0<x<10.0,NO
590,0.0<x<12677.0,0<x<25,0<x<24,0.0<x<15276.0,0.0<x<752187.0,14<x<29,0<x<24,0<x<13,x<0,5.0<x<10.0,NO
591,x<0.0,0<x<25,0<x<24,x<0.0,0.0<x<752187.0,14<x<29,0<x<24,x<0,0<x<24,x<0.0,NO
592,0.0<x<12677.0,51<x<77,0<x<24,15276.0<x<30553.0,x<0.0,14<x<29,0<x<24,13<x<27,x<0,x<0.0,NO
593,x<0.0,0<x<25,0<x<24,0.0<x<15276.0,0.0<x<752187.0,x<0,0<x<24,x<0,0<x<24,5.0<x<10.0,NO
594,x<0.0,25<x<51,0<x<24,15276.0<x<30553.0,0.0<x<752187.0,29<x<43,0<x<24,0<x<13,x<0,5.0<x<10.0,NO
595,0.0<x<12677.0,25<x<51,0<x<24,0.0<x<15276.0,x<0.0,x<0,0<x<24,0<x<13,0<x<24,5.0<x<10.0,YES
596,0.0<x<12677.0,0<x<25,0<x<24,0.0<x<15276.0,0.0<x<752187.0,14<x<29,0<x<24,x<0,x<0,5.0<x<10.0,NO
597,0.0<x<12677.0,25<x<51,0<x<24,15276.0<x<30553.0,0.0<x<752187.0,0<x<14,0<x<24,x<0,0<x<24,0.0<x<5.0,NO
598,x<0.0,51<x<77,x<0,0.0<x<15276.0,0.0<x<752187.0,x<0,x<0,x<0,0<x<24,x<0.0,NO
599,x<0.0,x>77,0<x<24,15276.0<x<30553.0,x<0.0,0<x<14,0<x<24,0<x<13,x<0,5.0<x<10.0,NO
600,x<0.0,51<x<77,x<0,15276.0<x<30553.0,x<0.0,x>43,0<x<24,13<x<27,x<0,x<0.0,NO
601,x<0.0,25<x<51,x<0,x<0.0,0.0<x<752187.0,x<0,x<0,x<0,0<x<24,x<0.0,NO
602,0.0<x<12677.0,51<x<77,x<0,15276.0<x<30553.0,0.0<x<752187.0,14<x<29,x<0,0<x<13,0<x<24,0.0<x<5.0,NO
603,0.0<x<12677.0,51<x<77,x<0,15276.0<x<30553.0,x<0.0,29<x<43,x<0,0<x<13,0<x<24,x<0.0,NO
604,x<0.0,51<x<77,x<0,0.0<x<15276.0,x<0.0,x>43,0<x<24,0<x<13,x<0,5.0<x<10.0,NO
605,x<0.0,51<x<77,0<x<24,0.0<x<15276.0,0.0<x<752187.0,14<x<29,0<x<24,x<0,x<0,x<0.0,NO
606,0.0<x<12677.0,0<x<25,x<0,0.0<x<15276.0,0.0<x<752187.0,x<0,0<x<24,0<x<13,0<x<24,x<0.0,NO
607,0.0<x<12677.0,x>77,x<0,x<0.0,x<0.0,29<x<43,x<0,x<0,x<0,5.0<x<10.0,NO
608,0.0<x<12677.0,0<x<25,0<x<24,15276.0<x<30553.0,x<0.0,x<0,0<x<24,x<0,0<x<24,0.0<x<5.0,NO
609,0.0<x<12677.0,x>77,0<x<24,0.0<x<15276.0,0.0<x<752187.0,0<x<14,x<0,13<x<27,x<0,x<0.0,NO
610,x<0.0,0<x<25,0<x<24,0.0<x<15276.0,0.0<x<752187.0,0<x<14,0<x<24,13<x<27,x<0,x<0.0,NO
611,0.0<x<12677.0,0<x<25,0<x<24,15276.0<x<30553.0,x<0.0,0<x<14,0<x<24,0<x<13,0<x<24,0.0<x<5.0,YES
612,x<0.0,x>77,0<x<24,15276.0<x<30553.0,0.0<x<752187.0,14<x<29,0<x<24,13<x<27,0<x<24,x<0.0,NO
613,x<0.0,25<x<51,x<0,0.0<x<15276.0,0.0<x<752187.0,14<x<29,x<0,x<0,0<x<24,5.0<x<10.0,NO
614,x<0.0,25<x<51,x<0,15276.0<x<30553.0,x<0.0,x>43,x<0,13<x<27,0<x<24,x<0.0,NO
615,0.0<x<12677.0,x>77,0<x<24,x<0.0,0.0<x<752187.0,x>43,x<0,x<0,x<0,0.0<x<5.0,NO
616,0.0<x<12677.0,x>77,x<0,0.0<x<15276.0,x<0.0,x>43,x<0,x<0,0<x<24,0.0<x<5.0,NO
617,0.0<x<12677.0,0<x<25,x<0,x<0.0,x<0.0,14<x<29,0<x<24,x<0,x<0,0.0<x<5.0,NO
618,0.0<x<12677.0,51<x<77,x<0,x<0.0,0.0<x<752187.0,x<0,0<x<24,x<0,0<x<24,5.0<x<10.0,NO
619,x<0.0,25<x<51,x<0,x<0.0,0.0<x<752187.0,29<x<43,0<x<24,13<x<27,0<x<24,0.0<x<5.0,NO
620,x<0.0,0<x<25,0<x<24,0.0<x<15276.0,0.0<x<752187.0,x<0,x<0,0<x<13,0<x<24,x<0.0,NO
621,0.0<x<12677.0,0<x<25,x<0,15276.0<x<30553.0,0.0<x<752187.0,x>43,0<x<24,13<x<27,x<0,x<0.0,NO
622,x<0.0,0<x<25,x<0,0.0<x<15276.0,0.0<x<752187.0,0<x<14,0<x<24,0<x<13,x<0,0.0<x<5.0,NO
623,0.0<x<12677.0,0<x<25,0<x<24,15276.0<x<30553.0,x<0.0,29<x<43,x<0,0<x<13,x<0,5.0<x<10.0,NO
624,x<0.0,51<x<77,0<x<24,0.0<x<15276.0,x<0.0,x>43,0<x<24,13<x<27,x<0,0.0<x<5.0,NO
625,x<0.0,x>77,x<0,x<0.0,x<0.0,0<x<14,x<0,13<x<27,0<x<24,5.0<x<10.0,NO
626,0.0<x<12677.0,51<x<77,x<0,0.0<x<15276.0,x<0.0,14<x<29,0<x<24,0<x<13,0<x<24,0.0<x<5.0,NO
627,0.0<x<12677.0,x>77,x<0,0.0<x<15276.0,x<0.0,29<x<43,0<x<24,0<x<13,0<x<24,0.0<x<5.0,NO
628,0.0<x<12677.0,x>77,0<x<24,x<0.0,x<0.0,x>43,x<0,0<x<13,0<x<24,0.0<x<5.0,NO
629,0.0<x<12677.0,x>77,x<0,15276.0<x<30553.0,x<0.0,x<0,0<x<24,0<x<13,x<0,x<0.0,NO
630,x<0.0,51<x<77,x<0,0.0<x<15276.0,x<0.0,0<x<14,0<x<24,13<x<27,x<0,x<0.0,NO
631,x<0.0,x>77,0<x<24,0.0<x<15276.0,0.0<x<752187.0,x<0,0<x<24,0<x<13,0<x<24,0.0<x<5.0,NO
632,0.0<x<12677.0,25<x<51,x<0,0.0<x<15276.0,x<0.0,x>43,0<x<24,13<x<27,0<x<24,x<0.0,NO
633,0.0<x<12677.0,51<x<77,x<0,0.0<x<15276.0,0.0<x<752187.0,x>43,x<0,x<0,0<x<24,x<0.0,NO
634,0.0<x<12677.0,51<x<77,x<0,x<0.0,x<0.0,x<0,x<0,x<0,x<0,5.0<x<10.0,NO
635,x<0.0,0<x<25,0<x<24,x<0.0,0.0<x<752187.0,29<x<43,x<0,0<x<13,0<x<24,0.0<x<5.0,NO
636,0.0<x<12677.0,25<x<51,0<x<24,x<0.0,x<0.0,14<x<29,x<0,13<x<27,0<x<24,0.0<x<5.0,NO
637,x<0.0,51<x<77,0<x<24,0.0<x<15276.0,0.0<x<752187.0,29<x<43,x<0,13<x<27,x<0,x<0.0,NO
638,0.0<x<12677.0,25<x<51,x<0,0.0<x<15276.0,0.0<x<752187.0,14<x<29,0<x<24,13<x<27,0<x<24,x<0.0,NO
639,0.0<x<12677.0,51<x<77,x<0,15276.0<x<30553.0,0.0<x<752187.0,29<x<43,x<0,x<0,x<0,0.0<x<5.0,NO
640,0.0<x<12677.0,0<x<25,0<x<24,0.0<x<15276.0,0.0<x<752187.0,x<0,x<0,0<x<13,0<x<24,0.0<x<5.0,NO
641,0.0<x<12677.0,25<x<51,x<0,15276.0<x<30553.0,x<0.0,x<0,0<x<24,0<x<13,0<x<24,0.0<x<5.0,NO
642,0.0<x<12677.0,0<x<25,0<x<24,15276.0<x<30553.0,0.0<x<752187.0,0<x<14,x<0,x<0,0<x<24,5.0<x<10.0,NO
643,x<0.0,25<x<51,x<0,x<0.0,0.0<x<752187.0,0<x<14,x<0,x<0,0<x<24,0.0<x<5.0,NO
644,x<0.0,0<x<25,x<0,0.0<x<15276.0,x<0.0,14<x<29,x<0,13<x<27,x<0,5.0<x<10.0,NO
645,0.0<x<12677.0,0<x<25,x<0,0.0<x<15276.0,0.0<x<752187.0,29<x<43,0<x<24,0<x<13,0<x<24,0.0<x<5.0,NO
646,x<0.0,51<x<77,0<x<24,x<0.0,x<0.0,x<0,x<0,0<x<13,x<0,5.0<x<10.0,NO
647,0.0<x<12677.0,25<x<51,x<0,15276.0<x<30553.0,0.0<x<752187.0,29<x<43,x<0,0<x<13,0<x<24,x<0.0,NO
648,0.0<x<12677.0,x>77,0<x<24,0.0<x<15276.0,0.0<x<752187.0,0<x<14,x<0,13<x<27,x<0,0.0<x<5.0,NO
649,x<0.0,0<x<25,x<0,15276.0<x<30553.0,x<0.0,14<x<29,x<0,0<x<13,0<x<24,x<0.0,NO
650,x<0.0,x>77,x<0,0.0<x<15276.0,x<0.0,0<x<14,0<x<24,x<0,x<0,x<0.0,NO
651,x<0.0,51<x<77,0<x<24,x<0.0,x<0.0,0<x<14,0<x<24,x<0,0<x<24,x<0.0,NO
652,0.0<x<12677.0,25<x<51,0<x<24,15276.0<x<30553.0,0.0<x<752187.0,x<0,0<x<24,0<x<13,x<0,5.0<x<10.0,NO
653,0.0<x<12677.0,51<x<77,x<0,15276.0<x<30553.0,x<0.0,x>43,0<x<24,0<x<13,x<0,x<0.0,NO
654,0.0<x<12677.0,51<x<77,x<0,x<0.0,x<0.0,0<x<14,0<x<24,13<x<27,x<0,0.0<x<5.0,NO
655,0.0<x<12677.0,0<x<25,x<0,x<0.0,x<0.0,x<0,0<x<24,x<0,0<x<24,5.0<x<10.0,NO
656,0.0<x<12677.0,0<x<25,0<x<24,0.0<x<15276.0,0.0<x<752187.0,0<x<14,0<x<24,x<0,x<0,0.0<x<5.0,NO
657,0.0<x<12677.0,51<x<77,0<x<24,15276.0<x<30553.0,0.0<x<752187.0,0<x<14,x<0,x<0,x<0,5.0<x<10.0,NO
658,0.0<x<12677.0,25<x<51,x<0,0.0<x<15276.0,x<0.0,14<x<29,x<0,13<x<27,0<x<24,x<0.0,NO
659,x<0.0,51<x<77,0<x<24,0.0<x<15276.0,x<0.0,0<x<14,x<0,13<x<27,0<x<24,x<0.0,NO
660,x<0.0,51<x<77,0<x<24,15276.0<x<30553.0,x<0.0,x>43,0<x<24,13<x<27,0<x<24,5.0<x<10.0,NO
661,x<0.0,25<x<51,0<x<24,0.0<x<15276.0,0.0<x<752187.0,x<0,0<x<24,x<0,0<x<24,5.0<x<10.0,NO
662,x<0.0,0<x<25,0<x<24,15276.0<x<30553.0,x<0.0,0<x<14,0<x<24,x<0,0<x<24,5.0<x<10.0,NO
663,x<0.0,51<x<77,0<x<24,x<0.0,x<0.0,x>43,0<x<24,x<0,0<x<24,0.0<x<5.0,NO
664,0.0<x<12677.0,51<x<77,x<0,15276.0<x<30553.0,x<0.0,29<x<43,0<x<24,13<x<27,0<x<24,0.0<x<5.0,NO
665,0.0<x<12677.0,0<x<25,0<x<24,x<0.0,0.0<x<752187.0,x<0,0<x<24,0<x<13,0<x<24,x<0.0,NO
666,x<0.0,0<x<25,0<x<24,x<0.0,0.0<x<752187.0,x<0,0<x<24,13<x<27,0<x<24,5.0<x<10.0,YES
667,x<0.0,0<x<25,x<0,15276.0<x<30553.0,0.0<x<752187.0,29<x<43,0<x<24,0<x<13,x<0,5.0<x<10.0,NO
668,0.0<x<12677.0,0<x<25,0<x<24,x<0.0,x<0.0,0<x<14,x<0,13<x<27,x<0,0.0<x<5.0,NO
669,x<0.0,51<x<77,x<0,15276.0<x<30553.0,0.0<x<752187.0,29<x<43,x<0,0<x<13,0<x<24,0.0<x<5.0,NO
670,0.0<x<12677.0,51<x<77,0<x<24,x<0.0,x<0.0,x<0,0<x<24,0<x<13,0<x<24,5.0<x<10.0,NO
671,0.0<x<12677.0,x>77,x<0,x<0.0,x<0.0,14<x<29,x<0,x<0,0<x<24,0.0<x<5.0,NO
672,x<0.0,51<x<77,0<x<24,0.0<x<15276.0,x<0.0,0<x<14,x<0,x<0,x<0,0.0<x<5.0,NO
673,x<0.0,25<x<51,0<x<24,15276.0<x<30553.0,x<0.0,0<x<14,0<x<24,0<x<13,x<0,5.0<x<10.0,NO
674,x<0.0,25<x<51,x<0,x<0.0,x<0.0,29<x<43,0<x<24,0<x<13,x<0,x<0.0,NO
675,x<0.0,x>77,0<x<24,x<0.0,x<0.0,14<x<29,x<0,x<0,0<x<24,0.0<x<5.0,NO
676,0.0<x<12677.0,25<x<51,0<x<24,x<0.0,0.0<x<752187.0,x>43,0<x<24,0<x<13,x<0,5.0<x<10.0,NO
677,x<0.0,x>77,0<x<24,0.0<x<15276.0,0.0<x<752187.0,14<x<29,x<0,x<0,x<0,x<0.0,NO
678,0.0<x<12677.0,x>77,0<x<24,x<0.0,0.0<x<752187.0,0<x<14,0<x<24,x<0,x<0,5.0<x<10.0,NO
679,x<0.0,25<x<51,0<x<24,15276.0<x<30553.0,0.0<x<752187.0,x<0,0<x<24,0<x<13,0<x<24,x<0.0,NO
680,0.0<x<12677.0,x>77,0<x<24,x<0.0,x<0.0,14<x<29,0<x<24,x<0,0<x<24,0.0<x<5.0,NO
681,0.0<x<12677.0,0<x<25,x<0,0.0<x<15276.0,x<0.0,29<x<43,x<0,x<0,0<x<24,x<0.0,NO
682,0.0<x<12677.0,0<x<25,x<0,x<0.0,0.0<x<752187.0,14<x<29,0<x<24,0<x<13,x<0,x<0.0,NO
683,x<0.0,0<x<25,0<x<24,15276.0<x<30553.0,0.0<x<752187.0,x>43,0<x<24,13<x<27,x<0,x<0.0,NO
684,0.0<x<12677.0,0<x<25,x<0,15276.0<x<30553.0,x<0.0,29<x<43,x<0,0<x<13,x<0,x<0.0,NO
685,0.0<x<12677.0,x>77,x<0,0.0<x<15276.0,0.0<x<752187.0,x>43,0<x<24,0<x<13,x<0,0.0<x<5.0,NO
686,x<0.0,25<x<51,x<0,0.0<x<15276.0,x<0.0,x<0,x<0,0<x<13,0<x<24,5.0<x<10.0,NO
687,0.0<x<12677.0,51<x<77,0<x<24,x<0.0,x<0.0,14<x<29,x<0,13<x<27,x<0,0.0<x<5.0,NO
688,x<0.0,x>77,0<x<24,x<0.0,0.0<x<752187.0,0<x<14,x<0,13<x<27,x<0,x<0.0,NO
689,0.0<x<12677.0,x>77,x<0,x<0.0,x<0.0,0<x<14,x<0,0<x<13,0<x<24,5.0<x<10.0,NO
690,0.0<x<12677.0,0<x<25,0<x<24,0.0<x<15276.0,x<0.0,x>43,x<0,13<x<27,x<0,5.0<x<10.0,NO
691,0.0<x<12677.0,25<x<51,x<0,0.0<x<15276.0,x<0.0,0<x<14,x<0,x<0,x<0,5.0<x<10.0,NO
692,0.0<x<12677.0,0<x<25,0<x<24,0.0<x<15276.0,0.0<x<752187.0,14<x<29,x<0,13<x<27,0<x<24,0.0<x<5.0,NO
693,x<0.0,x>77,x<0,0.0<x<15276.0,x<0.0,0<x<14,x<0,0<x<13,x<0,x<0.0,NO
694,x<0.0,25<x<51,x<0,0.0<x<15276.0,x<0.0,x<0,x<0,0<x<13,0<x<24,5.0<x<10.0,NO
695,0.0<x<12677.0,0<x<25,0<x<24,x<0.0,x<0.0,29<x<43,x<0,x<0,x<0,5.0<x<10.0,NO
696,x<0.0,0<x<25,x<0,15276.0<x<30553.0,x<0.0,14<x<29,x<0,13<x<27,x<0,5.0<x<10.0,NO
697,0.0<x<12677.0,x>77,0<x<24,0.0<x<15276.0,x<0.0,0<x<14,0<x<24,13<x<27,x<0,x<0.0,NO
698,x<0.0,0<x<25,x<0,0.0<x<15276.0,0.0<x<752187.0,29<x<43,x<0,0<x<13,x<0,x<0.0,NO
699,x<0.0,0<x<25,0<x<24,x<0.0,0.0<x<752187.0,x>43,x<0,13<x<27,0<x<24,x<0.0,NO
700,0.0<x<12677.0,x>77,x<0,0.0<x<15276.0,0.0<x<752187.0,0<x<14,x<0,x<0,x<0,0.0<x<5.0,NO
701,0.0<x<12677.0,51<x<77,0<x<24,x<0.0,x<0.0,0<x<14,0<x<24,x<0,0<x<24,0.0<x<5.0,NO
702,x<0.0,51<x<77,x<0,x<0.0,0.0<x<752187.0,0<x<14,x<0,13<x<27,x<0,x<0.0,NO
703,0.0<x<12677.0,25<x<51,x<0,15276.0<x<30553.0,x<0.0,0<x<14,0<x<24,x<0,0<x<24,5.0<x<10.0,NO
704,x<0.0,51<x<77,x<0,x<0.0,x<0.0,x>43,0<x<24,13<x<27,x<0,0.0<x<5.0,NO
705,x<0.0,51<x<77,x<0,x<0.0,0.0<x<752187.0,x<0,0<x<24,13<x<27,0<x<24,0.0<x<5.0,NO
706,0.0<x<12677.0,51<x<77,0<x<24,0.0<x<15276.0,0.0<x<752187.0,29<x<43,x<0,13<x<27,0<x<24,x<0.0,NO
707,0.0<x<12677.0,0<x<25,x<0,x<0.0,x<0.0,29<x<43,0<x<24,0<x<13,0<x<24,5.0<x<10.0,NO
708,x<0.0,0<x<25,x<0,15276.0<x<30553.0,x<0.0,x<0,0<x<24,x<0,x<0,0.0<x<5.0,NO
709,x<0.0,25<x<51,x<0,15276.0<x<30553.0,x<0.0,14<x<29,x<0,13<x<27,0<x<24,5.0<x<10.0,NO
710,x<0.0,0<x<25,x<0,x<0.0,x<0.0,x<0,0<x<24,x<0,x<0,x<0.0,NO
711,0.0<x<12677.0,25<x<51,0<x<24,15276.0<x<30553.0,x<0.0,x<0,x<0,0<x<13,x<0,0.0<x<5.0,NO
712,0.0<x<12677.0,51<x<77,0<x<24,0.0<x<15276.0,x<0.0,x<0,x<0,13<x<27,x<0,x<0.0,NO
713,x<0.0,0<x<25,x<0,x<0.0,x<0.0,x>43,x<0,0<x<13,x<0,0.0<x<5.0,NO
714,0.0<x<12677.0,0<x<25,0<x<24,x<0.0,x<0.0,14<x<29,x<0,13<x<27,0<x<24,x<0.0,NO
715,0.0<x<12677.0,0<x<25,x<0,0.0<x<15276.0,x<0.0,0<x<14,x<0,0<x<13,0<x<24,5.0<x<10.0,NO
716,x<0.0,x>77,0<x<24,x<0.0,x<0.0,0<x<14,x<0,0<x<13,0<x<24,5.0<x<10.0,NO
717,0.0<x<12677.0,25<x<51,x<0,0.0<x<15276.0,x<0.0,x<0,0<x<24,x<0,x<0,0.0<x<5.0,NO
718,0.0<x<12677.0,25<x<51,x<0,0.0<x<15276.0,x<0.0,x<0,0<x<24,0<x<13,x<0,0.0<x<5.0,NO
719,0.0<x<12677.0,25<x<51,x<0,0.0<x<15276.0,x<0.0,0<x<14,0<x<24,13<x<27,0<x<24,5.0<x<10.0,NO
720,x<0.0,51<x<77,0<x<24,x<0.0,0.0<x<752187.0,0<x<14,0<x<24,x<0,0<x<24,x<0.0,NO
721,x<0.0,51<x<77,0<x<24,15276.0<x<30553.0,0.0<x<752187.0,29<x<43,x<0,0<x<13,x<0,5.0<x<10.0,NO
722,x<0.0,0<x<25,0<x<24,0.0<x<15276.0,x<0.0,x<0,0<x<24,13<x<27,x<0,x<0.0,NO
723,x<0.0,x>77,x<0,x<0.0,x<0.0,x<0,0<x<24,0<x<13,0<x<24,5.0<x<10.0,NO
724,0.0<x<12677.0,0<x<25,x<0,15276.0<x<30553.0,0.0<x<752187.0,29<x<43,x<0,0<x<13,x<0,x<0.0,NO
725,0.0<x<12677.0,25<x<51,x<0,x<0.0,0.0<x<752187.0,x>43,x<0,0<x<13,x<0,x<0.0,NO
726,x<0.0,25<x<51,0<x<24,x<0.0,0.0<x<752187.0,0<x<14,0<x<24,x<0,0<x<24,0.0<x<5.0,NO
727,0.0<x<12677.0,0<x<25,x<0,15276.0<x<30553.0,x<0.0,x>43,x<0,13<x<27,x<0,5.0<x<10.0,NO
728,x<0.0,0<x<25,x<0,x<0.0,0.0<x<752187.0,0<x<14,0<x<24,0<x<13,x<0,5.0<x<10.0,NO
729,0.0<x<12677.0,25<x<51,x<0,15276.0<x<30553.0,0.0<x<752187.0,0<x<14,x<0,x<0,x<0,x<0.0,NO
730,x<0.0,x>77,x<0,15276.0<x<30553.0,0.0<x<752187.0,0<x<14,0<x<24,x<0,x<0,5.0<x<10.0,NO
731,x<0.0,51<x<77,0<x<24,x<0.0,0.0<x<752187.0,x<0,0<x<24,13<x<27,x<0,0.0<x<5.0,NO
732,0.0<x<12677.0,x>77,x<0,15276.0<x<30553.0,0.0<x<752187.0,x<0,0<x<24,0<x<13,0<x<24,5.0<x<10.0,NO
733,0.0<x<12677.0,51<x<77,0<x<24,x<0.0,0.0<x<752187.0,x<0,x<0,0<x<13,0<x<24,5.0<x<10.0,NO
734,x<0.0,0<x<25,x<0,0.0<x<15276.0,0.0<x<752187.0,0<x<14,x<0,x<0,0<x<24,5.0<x<10.0,NO
735,x<0.0,51<x<77,0<x<24,15276.0<x<30553.0,x<0.0,x<0,0<x<24,0<x<13,0<x<24,x<0.0,NO
736,0.0<x<12677.0,25<x<51,0<x<24,0.0<x<15276.0,x<0.0,0<x<14,x<0,13<x<27,x<0,5.0<x<10.0,NO
737,x<0.0,25<x<51,0<x<24,0.0<x<15276.0,x<0.0,29<x<43,0<x<24,13<x<27,x<0,5.0<x<10.0,NO
738,x<0.0,25<x<51,0<x<24,x<0.0,0.0<x<752187.0,x>43,x<0,13<x<27,x<0,0.0<x<5.0,NO
739,x<0.0,x>77,x<0,0.0<x<15276.0,0.0<x<752187.0,29<x<43,x<0,x<0,x<0,x<0.0,NO
740,x<0.0,x>77,x<0,x<0.0,0.0<x<752187.0,0<x<14,0<x<24,13<x<27,x<0,5.0<x<10.0,NO
741,x<0.0,25<x<51,0<x<24,15276.0<x<30553.0,x<0.0,29<x<43,x<0,x<0,x<0,x<0.0,NO
742,x<0.0,x>77,0<x<24,0.0<x<15276.0,x<0.0,x<0,x<0,13<x<27,0<x<24,0.0<x<5.0,NO
743,0.0<x<12677.0,51<x<77,x<0,x<0.0,x<0.0,x>43,x<0,13<x<27,0<x<24,0.0<x<5.0,NO
744,x<0.0,x>77,0<x<24,0.0<x<15276.0,x<0.0,29<x<43,x<0,0<x<13,0<x<24,0.0<x<5.0,NO
745,0.0<x<12677.0,0<x<25,x<0,x<0.0,0.0<x<752187.0,x<0,x<0,x<0,x<0,5.0<x<10.0,NO
746,0.0<x<12677.0,0<x<25,x<0,x<0.0,0.0<x<752187.0,x>43,x<0,0<x<13,0<x<24,5.0<x<10.0,NO
747,x<0.0,51<x<77,x<0,0.0<x<15276.0,x<0.0,29<x<43,0<x<24,0<x<13,0<x<24,5.0<x<10.0,NO
748,0.0<x<12677.0,x>77,x<0,0.0<x<15276.0,0.0<x<752187.0,x<0,0<x<24,0<x<13,0<x<24,x<0.0,NO
749,0.0<x<12677.0,51<x<77,x<0,x<0.0,x<0.0,14<x<29,0<x<24,x<0,x<0,5.0<x<10.0,NO
750,x<0.0,x>77,0<x<24,0.0<x<15276.0,x<0.0,14<x<29,x<0,0<x<13,0<x<24,0.0<x<5.0,NO
751,x<0.0,x>77,0<x<24,0.0<x<15276.0,x<0.0,x>43,x<0,0<x<13,0<x<24,0.0<x<5.0,NO
752,0.0<x<12677.0,x>77,0<x<24,0.0<x<15276.0,0.0<x<752187.0,14<x<29,x<0,x<0,0<x<24,0.0<x<5.0,NO
753,0.0<x<12677.0,51<x<77,0<x<24,x<0.0,0.0<x<752187.0,x>43,0<x<24,13<x<27,x<0,5.0<x<10.0,NO
754,x<0.0,x>77,0<x<24,15276.0<x<30553.0,0.0<x<752187.0,x<0,0<x<24,13<x<27,x<0,x<0.0,NO
755,x<0.0,25<x<51,0<x<24,15276.0<x<30553.0,0.0<x<752187.0,x<0,0<x<24,x<0,x<0,x<0.0,NO
756,x<0.0,25<x<51,x<0,x<0.0,0.0<x<752187.0,x<0,x<0,x<0,0<x<24,5.0<x<10.0,NO
757,0.0<x<12677.0,0<x<25,x<0,0.0<x<15276.0,0.0<x<752187.0,x<0,0<x<24,0<x<13,0<x<24,x<0.0,NO
758,x<0.0,0<x<25,x<0,15276.0<x<30553.0,0.0<x<752187.0,0<x<14,0<x<24,x<0,0<x<24,5.0<x<10.0,NO
759,x<0.0,0<x<25,0<x<24,0.0<x<15276.0,0.0<x<752187.0,0<x<14,x<0,x<0,0<x<24,x<0.0,NO
760,0.0<x<12677.0,0<x<25,x<0,0.0<x<15276.0,x<0.0,14<x<29,x<0,x<0,0<x<24,x<0.0,NO
761,0.0<x<12677.0,25<x<51,x<0,0.0<x<15276.0,x<0.0,x<0,0<x<24,13<x<27,x<0,x<0.0,NO
762,x<0.0,0<x<25,0<x<24,x<0.0,0.0<x<752187.0,x<0,0<x<24,13<x<27,x<0,x<0.0,NO
763,0.0<x<12677.0,51<x<77,x<0,15276.0<x<30553.0,0.0<x<752187.0,x>43,0<x<24,13<x<27,0<x<24,0.0<x<5.0,NO
764,0.0<x<12677.0,x>77,0<x<24,x<0.0,0.0<x<752187.0,x>43,x<0,13<x<27,x<0,x<0.0,NO
765,0.0<x<12677.0,x>77,x<0,x<0.0,x<0.0,14<x<29,x<0,0<x<13,x<0,x<0.0,NO
766,x<0.0,x>77,x<0,x<0.0,x<0.0,29<x<43,0<x<24,0<x<13,0<x<24,x<0.0,NO
767,0.0<x<12677.0,x>77,x<0,0.0<x<15276.0,0.0<x<752187.0,29<x<43,x<0,13<x<27,x<0,0.0<x<5.0,NO
768,0.0<x<12677.0,x>77,x<0,x<0.0,0.0<x<752187.0,0<x<14,x<0,x<0,0<x<24,0.0<x<5.0,NO
769,0.0<x<12677.0,51<x<77,x<0,15276.0<x<30553.0,0.0<x<752187.0,14<x<29,0<x<24,13<x<27,x<0,5.0<x<10.0,NO
770,0.0<x<12677.0,x>77,0<x<24,x<0.0,x<0.0,x>43,x<0,0<x<13,x<0,x<0.0,NO
771,0.0<x<12677.0,0<x<25,0<x<24,15276.0<x<30553.0,x<0.0,29<x<43,0<x<24,13<x<27,0<x<24,0.0<x<5.0,NO
772,0.0<x<12677.0,x>77,0<x<24,15276.0<x<30553.0,x<0.0,x<0,x<0,13<x<27,0<x<24,x<0.0,NO
773,x<0.0,x>77,x<0,15276.0<x<30553.0,0.0<x<752187.0,x>43,0<x<24,13<x<27,0<x<24,x<0.0,NO
774,x<0.0,0<x<25,x<0,15276.0<x<30553.0,x<0.0,x<0,x<0,0<x<13,x<0,0.0<x<5.0,NO
775,0.0<x<12677.0,0<x<25,x<0,x<0.0,x<0.0,0<x<14,0<x<24,0<x<13,0<x<24,x<0.0,NO
776,x<0.0,51<x<77,0<x<24,15276.0<x<30553.0,0.0<x<752187.0,29<x<43,x<0,13<x<27,x<0,0.0<x<5.0,NO
777,0.0<x<12677.0,25<x<51,0<x<24,0.0<x<15276.0,x<0.0,x>43,x<0,0<x<13,x<0,5.0<x<10.0,NO
778,x<0.0,51<x<77,x<0,0.0<x<15276.0,x<0.0,x<0,0<x<24,13<x<27,x<0,x<0.0,NO
779,0.0<x<12677.0,x>77,0<x<24,0.0<x<15276.0,0.0<x<752187.0,29<x<43,0<x<24,13<x<27,0<x<24,x<0.0,NO
780,0.0<x<12677.0,25<x<51,x<0,x<0.0,0.0<x<752187.0,x<0,0<x<24,x<0,x<0,5.0<x<10.0,NO
781,x<0.0,x>77,x<0,15276.0<x<30553.0,x<0.0,0<x<14,x<0,0<x<13,x<0,x<0.0,NO
782,x<0.0,51<x<77,x<0,x<0.0,x<0.0,x>43,x<0,x<0,0<x<24,5.0<x<10.0,NO
783,0.0<x<12677.0,51<x<77,0<x<24,15276.0<x<30553.0,0.0<x<752187.0,0<x<14,x<0,x<0,x<0,5.0<x<10.0,NO
784,0.0<x<12677.0,51<x<77,x<0,15276.0<x<30553.0,x<0.0,0<x<14,x<0,0<x<13,0<x<24,5.0<x<10.0,NO
785,0.0<x<12677.0,51<x<77,0<x<24,x<0.0,x<0.0,0<x<14,0<x<24,13<x<27,0<x<24,0.0<x<5.0,NO
786,x<0.0,x>77,0<x<24,15276.0<x<30553.0,x<0.0,x>43,x<0,13<x<27,0<x<24,x<0.0,NO
787,0.0<x<12677.0,x>77,0<x<24,15276.0<x<30553.0,x<0.0,29<x<43,x<0,x<0,x<0,5.0<x<10.0,NO
788,x<0.0,25<x<51,0<x<24,0.0<x<15276.0,x<0.0,x>43,0<x<24,13<x<27,x<0,0.0<x<5.0,NO
789,x<0.0,x>77,0<x<24,0.0<x<15276.0,x<0.0,x<0,x<0,13<x<27,0<x<24,0.0<x<5.0,NO
790,x<0.0,0<x<25,x<0,15276.0<x<30553.0,x<0.0,x>43,0<x<24,13<x<27,0<x<24,x<0.0,NO
791,x<0.0,25<x<51,0<x<24,x<0.0,0.0<x<752187.0,29<x<43,x<0,0<x<13,0<x<24,x<0.0,NO
792,x<0.0,0<x<25,0<x<24,x<0.0,x<0.0,x>43,x<0,0<x<13,0<x<24,x<0.0,NO
793,0.0<x<12677.0,25<x<51,x<0,x<0.0,x<0.0,29<x<43,0<x<24,0<x<13,0<x<24,x<0.0,NO
794,x<0.0,25<x<51,x<0,0.0<x<15276.0,x<0.0,0<x<14,0<x<24,0<x<13,0<x<24,5.0<x<10.0,NO
795,x<0.0,25<x<51,0<x<24,15276.0<x<30553.0,0.0<x<752187.0,29<x<43,x<0,0<x<13,0<x<24,5.0<x<10.0,NO
796,x<0.0,51<x<77,0<x<24,15276.0<x<30553.0,0.0<x<752187.0,x<0,0<x<24,0<x<13,x<0,5.0<x<10.0,NO
797,0.0<x<12677.0,51<x<77,x<0,0.0<x<15276.0,x<0.0,29<x<43,0<x<24,13<x<27,x<0,5.0<x<10.0,NO
798,x<0.0,x>77,x<0,15276.0<x<30553.0,0.0<x<752187.0,x>43,0<x<24,0<x<13,x<0,5.0<x<10.0,NO
799,x<0.0,0<x<25,x<0,15276.0<x<30553.0,x<0.0,x>43,0<x<24,13<x<27,0<x<24,x<0.0,NO
800,0.0<x<12677.0,25<x<51,0<x<24,0.0<x<15276.0,x<0.0,x<0,0<x<24,0<x<13,x<0,5.0<x<10.0,NO
801,x<0.0,25<x<51,0<x<24,x<0.0,0.0<x<752187.0,x>43,0<x<24,13<x<27,0<x<24,5.0<x<10.0,NO
802,0.0<x<12677.0,0<x<25,0<x<24,x<0.0,x<0.0,29<x<43,x<0,0<x<13,0<x<24,x<0.0,NO
803,0.0<x<12677.0,25<x<51,x<0,0.0<x<15276.0,x<0.0,x>43,x<0,0<x<13,0<x<24,x<0.0,NO
804,0.0<x<12677.0,51<x<77,x<0,0.0<x<15276.0,x<0.0,14<x<29,0<x<24,13<x<27,0<x<24,5.0<x<10.0,NO
805,0.0<x<12677.0,0<x<25,0<x<24,0.0<x<15276.0,0.0<x<752187.0,0<x<14,x<0,0<x<13,x<0,x<0.0,NO
806,x<0.0,0<x<25,0<x<24,x<0.0,0.0<x<752187.0,x<0,0<x<24,13<x<27,0<x<24,5.0<x<10.0,YES
807,x<0.0,0<x<25,x<0,x<0.0,0.0<x<752187.0,0<x<14,0<x<24,13<x<27,0<x<24,5.0<x<10.0,NO
808,0.0<x<12677.0,25<x<51,0<x<24,0.0<x<15276.0,x<0.0,x>43,0<x<24,x<0,x<0,0.0<x<5.0,NO
809,x<0.0,x>77,x<0,15276.0<x<30553.0,0.0<x<752187.0,14<x<29,0<x<24,13<x<27,0<x<24,0.0<x<5.0,NO
810,0.0<x<12677.0,51<x<77,x<0,0.0<x<15276.0,0.0<x<752187.0,x<0,0<x<24,x<0,x<0,x<0.0,NO
811,x<0.0,51<x<77,x<0,15276.0<x<30553.0,0.0<x<752187.0,0<x<14,x<0,13<x<27,0<x<24,5.0<x<10.0,NO
812,x<0.0,x>77,0<x<24,0.0<x<15276.0,0.0<x<752187.0,14<x<29,0<x<24,0<x<13,x<0,x<0.0,NO
813,x<0.0,0<x<25,0<x<24,0.0<x<15276.0,0.0<x<752187.0,x<0,x<0,0<x<13,x<0,5.0<x<10.0,NO
814,0.0<x<12677.0,0<x<25,0<x<24,x<0.0,x<0.0,x<0,0<x<24,13<x<27,x<0,x<0.0,NO
815,0.0<x<12677.0,0<x<25,x<0,x<0.0,x<0.0,0<x<14,0<x<24,0<x<13,x<0,5.0<x<10.0,NO
816,0.0<x<12677.0,25<x<51,0<x<24,x<0.0,x<0.0,0<x<14,0<x<24,x<0,x<0,5.0<x<10.0,NO
817,0.0<x<12677.0,x>77,0<x<24,15276.0<x<30553.0,0.0<x<752187.0,x>43,x<0,x<0,x<0,0.0<x<5.0,NO
818,0.0<x<12677.0,25<x<51,0<x<24,0.0<x<15276.0,0.0<x<752187.0,x<0,x<0,0<x<13,0<x<24,5.0<x<10.0,NO
819,x<0.0,51<x<77,x<0,x<0.0,x<0.0,29<x<43,x<0,0<x<13,x<0,5.0<x<10.0,NO
820,x<0.0,x>77,0<x<24,0.0<x<15276.0,x<0.0,x<0,0<x<24,x<0,0<x<24,0.0<x<5.0,NO
821,x<0.0,25<x<51,x<0,x<0.0,0.0<x<752187.0,29<x<43,0<x<24,13<x<27,0<x<24,5.0<x<10.0,NO
822,x<0.0,51<x<77,0<x<24,0.0<x<15276.0,x<0.0,0<x<14,x<0,x<0,x<0,0.0<x<5.0,NO
823,0.0<x<12677.0,0<x<25,x<0,15276.0<x<30553.0,x<0.0,x>43,x<0,13<x<27,0<x<24,x<0.0,NO
824,0.0<x<12677.0,0<x<25,x<0,15276.0<x<30553.0,0.0<x<752187.0,0<x<14,x<0,13<x<27,x<0,5.0<x<10.0,NO
825,0.0<x<12677.0,0<x<25,0<x<24,15276.0<x<30553.0,x<0.0,x>43,0<x<24,0<x<13,x<0,x<0.0,NO
826,0.0<x<12677.0,0<x<25,0<x<24,15276.0<x<30553.0,0.0<x<752187.0,0<x<14,x<0,13<x<27,0<x<24,0.0<x<5.0,NO
827,x<0.0,25<x<51,0<x<24,x<0.0,x<0.0,29<x<43,x<0,0<x<13,0<x<24,x<0.0,NO
828,0.0<x<12677.0,0<x<25,0<x<24,x<0.0,0.0<x<752187.0,29<x<43,x<0,0<x<13,x<0,0.0<x<5.0,NO
829,0.0<x<12677.0,51<x<77,0<x<24,x<0.0,0.0<x<752187.0,29<x<43,0<x<24,x<0,0<x<24,5.0<x<10.0,NO
830,x<0.0,51<x<77,0<x<24,0.0<x<15276.0,x<0.0,14<x<29,x<0,0<x<13,x<0,0.0<x<5.0,NO
831,x<0.0,x>77,x<0,x<0.0,0.0<x<752187.0,29<x<43,x<0,0<x<13,0<x<24,5.0<x<10.0,NO
832,x<0.0,25<x<51,0<x<24,x<0.0,x<0.0,29<x<43,0<x<24,x<0,0<x<24,x<0.0,NO
833,0.0<x<12677.0,x>77,x<0,x<0.0,x<0.0,14<x<29,0<x<24,0<x<13,x<0,0.0<x<5.0,NO
834,x<0.0,x>77,x<0,15276.0<x<30553.0,x<0.0,x>43,x<0,13<x<27,x<0,x<0.0,NO
835,0.0<x<12677.0,51<x<77,x<0,15276.0<x<30553.0,x<0.0,x>43,0<x<24,13<x<27,x<0,0.0<x<5.0,NO
836,x<0.0,x>77,x<0,x<0.0,0.0<x<752187.0,x>43,x<0,0<x<13,0<x<24,5.0<x<10.0,NO
837,0.0<x<12677.0,25<x<51,x<0,15276.0<x<30553.0,0.0<x<752187.0,29<x<43,x<0,0<x<13,0<x<24,5.0<x<10.0,NO
838,0.0<x<12677.0,0<x<25,0<x<24,15276.0<x<30553.0,0.0<x<752187.0,14<x<29,x<0,x<0,0<x<24,5.0<x<10.0,NO
839,0.0<x<12677.0,0<x<25,0<x<24,0.0<x<15276.0,0.0<x<752187.0,x<0,x<0,x<0,0<x<24,x<0.0,NO
840,x<0.0,x>77,0<x<24,0.0<x<15276.0,0.0<x<752187.0,x>43,x<0,13<x<27,x<0,x<0.0,NO
841,x<0.0,x>77,0<x<24,15276.0<x<30553.0,0.0<x<752187.0,14<x<29,0<x<24,x<0,x<0,0.0<x<5.0,NO
842,x<0.0,25<x<51,0<x<24,15276.0<x<30553.0,0.0<x<752187.0,14<x<29,0<x<24,0<x<13,0<x<24,x<0.0,NO
843,0.0<x<12677.0,x>77,x<0,x<0.0,0.0<x<752187.0,0<x<14,0<x<24,x<0,x<0,x<0.0,NO
844,0.0<x<12677.0,0<x<25,0<x<24,15276.0<x<30553.0,0.0<x<752187.0,x>43,0<x<24,0<x<13,x<0,5.0<x<10.0,NO
845,x<0.0,x>77,x<0,x<0.0,0.0<x<752187.0,x>43,x<0,13<x<27,x<0,0.0<x<5.0,NO
846,x<0.0,x>77,0<x<24,x<0.0,x<0.0,14<x<29,x<0,0<x<13,0<x<24,x<0.0,NO
847,0.0<x<12677.0,0<x<25,0<x<24,x<0.0,0.0<x<752187.0,x>43,0<x<24,13<x<27,x<0,5.0<x<10.0,NO
848,0.0<x<12677.0,51<x<77,x<0,15276.0<x<30553.0,0.0<x<752187.0,0<x<14,x<0,0<x<13,0<x<24,0.0<x<5.0,NO
849,0.0<x<12677.0,x>77,0<x<24,15276.0<x<30553.0,x<0.0,29<x<43,x<0,x<0,0<x<24,0.0<x<5.0,NO
850,0.0<x<12677.0,x>77,x<0,0.0<x<15276.0,x<0.0,0<x<14,x<0,13<x<27,x<0,5.0<x<10.0,NO
851,x<0.0,x>77,0<x<24,15276.0<x<30553.0,x<0.0,x>43,x<0,13<x<27,0<x<24,x<0.0,NO
852,x<0.0,0<x<25,x<0,x<0.0,x<0.0,14<x<29,x<0,13<x<27,0<x<24,0.0<x<5.0,NO
853,x<0.0,25<x<51,0<x<24,x<0.0,x<0.0,14<x<29,x<0,0<x<13,0<x<24,5.0<x<10.0,NO
854,x<0.0,51<x<77,x<0,15276.0<x<30553.0,x<0.0,0<x<14,x<0,x<0,0<x<24,0.0<x<5.0,NO
855,0.0<x<12677.0,51<x<77,0<x<24,x<0.0,x<0.0,29<x<43,x<0,0<x<13,0<x<24,5.0<x<10.0,NO
856,0.0<x<12677.0,x>77,0<x<24,0.0<x<15276.0,x<0.0,0<x<14,x<0,x<0,x<0,5.0<x<10.0,NO
857,0.0<x<12677.0,51<x<77,0<x<24,0.0<x<15276.0,0.0<x<752187.0,29<x<43,0<x<24,13<x<27,0<x<24,x<0.0,NO
858,0.0<x<12677.0,51<x<77,0<x<24,15276.0<x<30553.0,x<0.0,x>43,0<x<24,0<x<13,x<0,0.0<x<5.0,NO
859,0.0<x<12677.0,25<x<51,x<0,0.0<x<15276.0,x<0.0,x>43,0<x<24,0<x<13,0<x<24,5.0<x<10.0,NO
860,x<0.0,25<x<51,0<x<24,15276.0<x<30553.0,x<0.0,x<0,x<0,0<x<13,x<0,0.0<x<5.0,NO
861,0.0<x<12677.0,0<x<25,x<0,0.0<x<15276.0,0.0<x<752187.0,x>43,0<x<24,x<0,x<0,0.0<x<5.0,NO
862,0.0<x<12677.0,51<x<77,x<0,15276.0<x<30553.0,0.0<x<752187.0,14<x<29,x<0,0<x<13,0<x<24,0.0<x<5.0,NO
863,x<0.0,25<x<51,0<x<24,0.0<x<15276.0,0.0<x<752187.0,x<0,x<0,13<x<27,x<0,5.0<x<10.0,NO
864,0.0<x<12677.0,0<x<25,x<0,x<0.0,0.0<x<752187.0,x>43,0<x<24,x<0,x<0,0.0<x<5.0,NO
865,0.0<x<12677.0,51<x<77,0<x<24,15276.0<x<30553.0,0.0<x<752187.0,29<x<43,0<x<24,x<0,0<x<24,0.0<x<5.0,NO
866,0.0<x<12677.0,51<x<77,0<x<24,15276.0<x<30553.0,0.0<x<752187.0,14<x<29,0<x<24,0<x<13,0<x<24,0.0<x<5.0,NO
867,0.0<x<12677.0,0<x<25,x<0,0.0<x<15276.0,x<0.0,0<x<14,x<0,x<0,x<0,0.0<x<5.0,NO
868,0.0<x<12677.0,51<x<77,0<x<24,x<0.0,x<0.0,x<0,0<x<24,13<x<27,x<0,5.0<x<10.0,NO
869,x<0.0,x>77,0<x<24,15276.0<x<30553.0,0.0<x<752187.0,0<x<14,0<x<24,0<x<13,0<x<24,x<0.0,NO
870,x<0.0,25<x<51,0<x<24,x<0.0,0.0<x<752187.0,0<x<14,x<0,0<x<13,0<x<24,5.0<x<10.0,NO
871,0.0<x<12677.0,x>77,0<x<24,x<0.0,0.0<x<752187.0,x<0,0<x<24,13<x<27,0<x<24,5.0<x<10.0,NO
872,0.0<x<12677.0,x>77,0<x<24,0.0<x<15276.0,0.0<x<752187.0,x>43,0<x<24,x<0,x<0,5.0<x<10.0,NO
873,0.0<x<12677.0,0<x<25,x<0,0.0<x<15276.0,x<0.0,14<x<29,0<x<24,13<x<27,0<x<24,5.0<x<10.0,NO
874,0.0<x<12677.0,25<x<51,x<0,0.0<x<15276.0,x<0.0,0<x<14,x<0,x<0,0<x<24,x<0.0,NO
875,x<0.0,25<x<51,x<0,x<0.0,x<0.0,x<0,x<0,13<x<27,0<x<24,5.0<x<10.0,NO
876,x<0.0,25<x<51,0<x<24,0.0<x<15276.0,x<0.0,0<x<14,x<0,13<x<27,0<x<24,x<0.0,NO
877,x<0.0,x>77,x<0,15276.0<x<30553.0,x<0.0,x>43,0<x<24,0<x<13,0<x<24,0.0<x<5.0,NO
878,x<0.0,51<x<77,x<0,x<0.0,x<0.0,x<0,x<0,0<x<13,0<x<24,0.0<x<5.0,NO
879,x<0.0,51<x<77,0<x<24,x<0.0,0.0<x<752187.0,29<x<43,x<0,0<x<13,0<x<24,5.0<x<10.0,NO
880,0.0<x<12677.0,25<x<51,x<0,0.0<x<15276.0,0.0<x<752187.0,0<x<14,x<0,0<x<13,0<x<24,x<0.0,NO
881,0.0<x<12677.0,0<x<25,x<0,0.0<x<15276.0,0.0<x<752187.0,x>43,x<0,x<0,x<0,x<0.0,NO
882,x<0.0,0<x<25,0<x<24,x<0.0,0.0<x<752187.0,0<x<14,0<x<24,x<0,x<0,5.0<x<10.0,NO
883,x<0.0,x>77,x<0,x<0.0,0.0<x<752187.0,x<0,x<0,13<x<27,x<0,5.0<x<10.0,NO
884,x<0.0,0<x<25,x<0,0.0<x<15276.0,x<0.0,x<0,x<0,0<x<13,x<0,5.0<x<10.0,NO
885,x<0.0,25<x<51,x<0,x<0.0,x<0.0,x<0,0<x<24,x<0,0<x<24,x<0.0,NO
886,x<0.0,51<x<77,x<0,15276.0<x<30553.0,0.0<x<752187.0,0<x<14,0<x<24,x<0,0<x<24,x<0.0,NO
887,x<0.0,51<x<77,x<0,x<0.0,0.0<x<752187.0,29<x<43,x<0,0<x<13,0<x<24,0.0<x<5.0,NO
888,0.0<x<12677.0,51<x<77,x<0,15276.0<x<30553.0,x<0.0,29<x<43,0<x<24,0<x<13,0<x<24,5.0<x<10.0,NO
889,0.0<x<12677.0,0<x<25,x<0,0.0<x<15276.0,x<0.0,29<x<43,x<0,13<x<27,0<x<24,0.0<x<5.0,NO
890,x<0.0,x>77,0<x<24,x<0.0,0.0<x<752187.0,x<0,0<x<24,0<x<13,0<x<24,x<0.0,NO
891,x<0.0,0<x<25,x<0,x<0.0,x<0.0,x>43,x<0,0<x<13,0<x<24,x<0.0,NO
892,x<0.0,0<x<25,0<x<24,15276.0<x<30553.0,0.0<x<752187.0,x<0,0<x<24,x<0,0<x<24,x<0.0,NO
893,0.0<x<12677.0,0<x<25,0<x<24,15276.0<x<30553.0,0.0<x<752187.0,0<x<14,0<x<24,13<x<27,x<0,0.0<x<5.0,NO
894,0.0<x<12677.0,51<x<77,x<0,0.0<x<15276.0,x<0.0,x>43,0<x<24,13<x<27,x<0,x<0.0,NO
895,0.0<x<12677.0,x>77,0<x<24,0.0<x<15276.0,x<0.0,0<x<14,0<x<24,0<x<13,0<x<24,x<0.0,NO
896,x<0.0,0<x<25,x<0,15276.0<x<30553.0,0.0<x<752187.0,x<0,x<0,13<x<27,0<x<24,5.0<x<10.0,NO
897,0.0<x<12677.0,x>77,x<0,15276.0<x<30553.0,x<0.0,0<x<14,x<0,x<0,0<x<24,5.0<x<10.0,NO
898,x<0.0,x>77,x<0,0.0<x<15276.0,0.0<x<752187.0,14<x<29,0<x<24,13<x<27,x<0,x<0.0,NO
899,0.0<x<12677.0,x>77,0<x<24,x<0.0,0.0<x<752187.0,x>43,x<0,x<0,0<x<24,5.0<x<10.0,NO
900,x<0.0,25<x<51,0<x<24,15276.0<x<30553.0,0.0<x<752187.0,x>43,x<0,0<x<13,x<0,5.0<x<10.0,NO
901,x<0.0,25<x<51,x<0,x<0.0,x<0.0,14<x<29,x<0,13<x<27,0<x<24,5.0<x<10.0,NO
902,x<0.0,0<x<25,0<x<24,15276.0<x<30553.0,x<0.0,x>43,0<x<24,x<0,0<x<24,x<0.0,NO
903,x<0.0,25<x<51,0<x<24,x<0.0,x<0.0,14<x<29,0<x<24,x<0,0<x<24,5.0<x<10.0,NO
904,x<0.0,51<x<77,x<0,15276.0<x<30553.0,x<0.0,14<x<29,x<0,x<0,x<0,x<0.0,NO
905,0.0<x<12677.0,x>77,0<x<24,0.0<x<15276.0,x<0.0,x<0,x<0,x<0,0<x<24,0.0<x<5.0,NO
906,x<0.0,25<x<51,x<0,0.0<x<15276.0,0.0<x<752187.0,0<x<14,0<x<24,13<x<27,x<0,x<0.0,NO
907,x<0.0,0<x<25,0<x<24,15276.0<x<30553.0,0.0<x<752187.0,14<x<29,0<x<24,13<x<27,0<x<24,x<0.0,NO
908,x<0.0,51<x<77,0<x<24,0.0<x<15276.0,0.0<x<752187.0,14<x<29,x<0,13<x<27,0<x<24,x<0.0,NO
909,x<0.0,51<x<77,x<0,x<0.0,x<0.0,14<x<29,0<x<24,0<x<13,x<0,0.0<x<5.0,NO
910,0.0<x<12677.0,x>77,0<x<24,0.0<x<15276.0,0.0<x<752187.0,14<x<29,x<0,0<x<13,x<0,x<0.0,NO
911,0.0<x<12677.0,51<x<77,x<0,0.0<x<15276.0,0.0<x<752187.0,x>43,0<x<24,13<x<27,x<0,0.0<x<5.0,NO
912,x<0.0,x>77,0<x<24,15276.0<x<30553.0,0.0<x<752187.0,0<x<14,x<0,13<x<27,x<0,x<0.0,NO
913,0.0<x<12677.0,51<x<77,x<0,x<0.0,0.0<x<752187.0,14<x<29,0<x<24,0<x<13,x<0,x<0.0,NO
914,x<0.0,0<x<25,x<0,x<0.0,0.0<x<752187.0,x>43,x<0,0<x<13,0<x<24,0.0<x<5.0,NO
915,x<0.0,25<x<51,0<x<24,0.0<x<15276.0,x<0.0,x>43,x<0,x<0,x<0,x<0.0,NO
916,0.0<x<12677.0,x>77,x<0,0.0<x<15276.0,0.0<x<752187.0,x>43,0<x<24,x<0,x<0,0.0<x<5.0,NO
917,x<0.0,0<x<25,0<x<24,0.0<x<15276.0,x<0.0,29<x<43,x<0,x<0,0<x<24,0.0<x<5.0,NO
918,x<0.0,25<x<51,0<x<24,x<0.0,0.0<x<752187.0,x<0,x<0,13<x<27,x<0,x<0.0,NO
919,x<0.0,51<x<77,x<0,15276.0<x<30553.0,0.0<x<752187.0,x>43,0<x<24,x<0,0<x<24,0.0<x<5.0,NO
920,x<0.0,0<x<25,x<0,x<0.0,0.0<x<752187.0,0<x<14,x<0,0<x<13,x<0,5.0<x<10.0,NO
921,0.0<x<12677.0,x>77,0<x<24,0.0<x<15276.0,0.0<x<752187.0,14<x<29,0<x<24,13<x<27,x<0,0.0<x<5.0,NO
922,0.0<x<12677.0,0<x<25,x<0,15276.0<x<30553.0,0.0<x<752187.0,0<x<14,x<0,0<x<13,0<x<24,x<0.0,NO
923,0.0<x<12677.0,51<x<77,x<0,x<0.0,0.0<x<752187.0,x<0,0<x<24,x<0,x<0,x<0.0,NO
924,0.0<x<12677.0,25<x<51,0<x<24,x<0.0,0.0<x<752187.0,14<x<29,0<x<24,x<0,0<x<24,x<0.0,NO
925,0.0<x<12677.0,0<x<25,0<x<24,15276.0<x<30553.0,0.0<x<752187.0,x<0,0<x<24,0<x<13,x<0,0.0<x<5.0,NO
926,0.0<x<12677.0,x>77,0<x<24,x<0.0,x<0.0,0<x<14,x<0,0<x<13,x<0,x<0.0,NO
927,x<0.0,51<x<77,0<x<24,15276.0<x<30553.0,x<0.0,29<x<43,x<0,x<0,x<0,x<0.0,NO
928,0.0<x<12677.0,51<x<77,0<x<24,15276.0<x<30553.0,0.0<x<752187.0,x>43,x<0,13<x<27,0<x<24,x<0.0,NO
929,x<0.0,51<x<77,x<0,x<0.0,x<0.0,0<x<14,x<0,13<x<27,x<0,5.0<x<10.0,NO
930,0.0<x<12677.0,0<x<25,0<x<24,x<0.0,0.0<x<752187.0,29<x<43,x<0,0<x<13,0<x<24,x<0.0,NO
931,0.0<x<12677.0,25<x<51,x<0,x<0.0,x<0.0,14<x<29,x<0,x<0,x<0,5.0<x<10.0,NO
932,0.0<x<12677.0,0<x<25,x<0,15276.0<x<30553.0,0.0<x<752187.0,14<x<29,0<x<24,13<x<27,0<x<24,x<0.0,NO
933,0.0<x<12677.0,x>77,0<x<24,15276.0<x<30553.0,0.0<x<752187.0,0<x<14,x<0,13<x<27,0<x<24,5.0<x<10.0,NO
934,x<0.0,25<x<51,0<x<24,15276.0<x<30553.0,0.0<x<752187.0,x>43,x<0,0<x<13,0<x<24,0.0<x<5.0,NO
935,0.0<x<12677.0,25<x<51,x<0,0.0<x<15276.0,0.0<x<752187.0,x>43,x<0,0<x<13,0<x<24,x<0.0,NO
936,x<0.0,51<x<77,0<x<24,0.0<x<15276.0,0.0<x<752187.0,x<0,x<0,x<0,0<x<24,x<0.0,NO
937,x<0.0,51<x<77,0<x<24,0.0<x<15276.0,x<0.0,0<x<14,0<x<24,x<0,0<x<24,x<0.0,NO
938,0.0<x<12677.0,x>77,0<x<24,x<0.0,0.0<x<752187.0,0<x<14,x<0,13<x<27,0<x<24,x<0.0,NO
939,0.0<x<12677.0,0<x<25,0<x<24,15276.0<x<30553.0,0.0<x<752187.0,14<x<29,0<x<24,13<x<27,x<0,0.0<x<5.0,NO
940,0.0<x<12677.0,0<x<25,0<x<24,0.0<x<15276.0,0.0<x<752187.0,0<x<14,x<0,13<x<27,0<x<24,x<0.0,NO
941,x<0.0,0<x<25,x<0,0.0<x<15276.0,x<0.0,29<x<43,0<x<24,13<x<27,0<x<24,5.0<x<10.0,NO
942,x<0.0,0<x<25,x<0,x<0.0,0.0<x<752187.0,14<x<29,0<x<24,x<0,x<0,5.0<x<10.0,NO
943,x<0.0,x>77,0<x<24,x<0.0,x<0.0,x<0,0<x<24,0<x<13,x<0,5.0<x<10.0,NO
944,0.0<x<12677.0,51<x<77,x<0,15276.0<x<30553.0,0.0<x<752187.0,x<0,0<x<24,0<x<13,0<x<24,5.0<x<10.0,NO
945,0.0<x<12677.0,25<x<51,x<0,0.0<x<15276.0,0.0<x<752187.0,14<x<29,0<x<24,13<x<27,x<0,0.0<x<5.0,NO
946,0.0<x<12677.0,51<x<77,0<x<24,0.0<x<15276.0,x<0.0,x>43,0<x<24,x<0,0<x<24,x<0.0,NO
947,x<0.0,x>77,x<0,15276.0<x<30553.0,0.0<x<752187.0,14<x<29,0<x<24,13<x<27,x<0,5.0<x<10.0,NO
948,x<0.0,x>77,0<x<24,0.0<x<15276.0,0.0<x<752187.0,x<0,0<x<24,0<x<13,x<0,5.0<x<10.0,NO
949,x<0.0,51<x<77,0<x<24,x<0.0,0.0<x<752187.0,0<x<14,0<x<24,13<x<27,x<0,x<0.0,NO
950,x<0.0,0<x<25,x<0,x<0.0,x<0.0,29<x<43,0<x<24,x<0,x<0,x<0.0,NO
951,0.0<x<12677.0,0<x<25,0<x<24,15276.0<x<30553.0,x<0.0,14<x<29,0<x<24,13<x<27,x<0,5.0<x<10.0,NO
952,0.0<x<12677.0,51<x<77,0<x<24,x<0.0,0.0<x<752187.0,x>43,x<0,13<x<27,0<x<24,0.0<x<5.0,NO
953,0.0<x<12677.0,25<x<51,x<0,x<0.0,x<0.0,0<x<14,0<x<24,13<x<27,0<x<24,0.0<x<5.0,NO
954,x<0.0,0<x<25,0<x<24,15276.0<x<30553.0,x<0.0,14<x<29,x<0,0<x<13,0<x<24,0.0<x<5.0,NO
955,0.0<x<12677.0,0<x<25,x<0,0.0<x<15276.0,x<0.0,14<x<29,0<x<24,13<x<27,0<x<24,0.0<x<5.0,NO
956,x<0.0,51<x<77,0<x<24,15276.0<x<30553.0,x<0.0,0<x<14,0<x<24,0<x<13,0<x<24,5.0<x<10.0,NO
957,0.0<x<12677.0,25<x<51,0<x<24,15276.0<x<30553.0,x<0.0,0<x<14,0<x<24,13<x<27,0<x<24,5.0<x<10.0,YES
958,0.0<x<12677.0,0<x<25,x<0,x<0.0,0.0<x<752187.0,x<0,0<x<24,0<x<13,0<x<24,5.0<x<10.0,NO
959,x<0.0,0<x<25,0<x<24,0.0<x<15276.0,0.0<x<752187.0,x<0,x<0,0<x<13,0<x<24,5.0<x<10.0,NO
960,x<0.0,0<x<25,0<x<24,15276.0<x<30553.0,x<0.0,29<x<43,x<0,0<x<13,0<x<24,0.0<x<5.0,NO
961,x<0.0,51<x<77,0<x<24,15276.0<x<30553.0,0.0<x<752187.0,0<x<14,x<0,0<x<13,x<0,5.0<x<10.0,NO
962,0.0<x<12677.0,0<x<25,0<x<24,0.0<x<15276.0,0.0<x<752187.0,29<x<43,0<x<24,0<x<13,0<x<24,5.0<x<10.0,NO
963,x<0.0,x>77,x<0,15276.0<x<30553.0,0.0<x<752187.0,x>43,0<x<24,x<0,x<0,0.0<x<5.0,NO
964,0.0<x<12677.0,51<x<77,x<0,15276.0<x<30553.0,x<0.0,14<x<29,0<x<24,0<x<13,x<0,5.0<x<10.0,NO
965,x<0.0,0<x<25,x<0,0.0<x<15276.0,x<0.0,29<x<43,0<x<24,0<x<13,0<x<24,x<0.0,NO
966,0.0<x<12677.0,0<x<25,0<x<24,0.0<x<15276.0,0.0<x<752187.0,x>43,0<x<24,0<x<13,0<x<24,x<0.0,NO
967,x<0.0,0<x<25,x<0,15276.0<x<30553.0,x<0.0,x<0,x<0,0<x<13,0<x<24,5.0<x<10.0,NO
968,x<0.0,x>77,0<x<24,x<0.0,0.0<x<752187.0,x>43,x<0,13<x<27,x<0,x<0.0,NO
969,0.0<x<12677.0,25<x<51,0<x<24,15276.0<x<30553.0,0.0<x<752187.0,x<0,x<0,x<0,0<x<24,x<0.0,NO
970,x<0.0,25<x<51,x<0,x<0.0,x<0.0,29<x<43,0<x<24,13<x<27,x<0,0.0<x<5.0,NO
971,x<0.0,51<x<77,x<0,0.0<x<15276.0,0.0<x<752187.0,x>43,0<x<24,13<x<27,x<0,5.0<x<10.0,NO
972,0.0<x<12677.0,25<x<51,0<x<24,0.0<x<15276.0,x<0.0,14<x<29,x<0,13<x<27,x<0,x<0.0,NO
973,0.0<x<12677.0,0<x<25,x<0,x<0.0,0.0<x<752187.0,0<x<14,x<0,x<0,x<0,x<0.0,NO
974,x<0.0,51<x<77,x<0,15276.0<x<30553.0,0.0<x<752187.0,14<x<29,0<x<24,x<0,x<0,0.0<x<5.0,NO
975,x<0.0,51<x<77,x<0,15276.0<x<30553.0,0.0<x<752187.0,29<x<43,x<0,13<x<27,0<x<24,0.0<x<5.0,NO
976,0.0<x<12677.0,0<x<25,x<0,0.0<x<15276.0,0.0<x<752187.0,x>43,x<0,x<0,x<0,5.0<x<10.0,NO
977,0.0<x<12677.0,51<x<77,x<0,x<0.0,x<0.0,0<x<14,x<0,13<x<27,x<0,x<0.0,NO
978,x<0.0,25<x<51,0<x<24,0.0<x<15276.0,x<0.0,0<x<14,0<x<24,x<0,0<x<24,0.0<x<5.0,NO
979,x<0.0,x>77,x<0,x<0.0,x<0.0,x<0,x<0,13<x<27,0<x<24,5.0<x<10.0,NO
980,0.0<x<12677.0,x>77,0<x<24,15276.0<x<30553.0,0.0<x<752187.0,x<0,0<x<24,0<x<13,0<x<24,0.0<x<5.0,NO
981,0.0<x<12677.0,0<x<25,x<0,x<0.0,0.0<x<752187.0,x>43,0<x<24,0<x<13,0<x<24,0.0<x<5.0,NO
982,x<0.0,51<x<77,0<x<24,0.0<x<15276.0,x<0.0,14<x<29,x<0,0<x<13,x<0,5.0<x<10.0,NO
983,x<0.0,x>77,x<0,15276.0<x<30553.0,0.0<x<752187.0,0<x<14,0<x<24,13<x<27,x<0,x<0.0,NO
984,0.0<x<12677.0,x>77,0<x<24,0.0<x<15276.0,x<0.0,x<0,0<x<24,x<0,0<x<24,x<0.0,NO
985,0.0<x<12677.0,x>77,x<0,x<0.0,x<0.0,29<x<43,0<x<24,x<0,x<0,x<0.0,NO
986,0.0<x<12677.0,25<x<51,x<0,x<0.0,x<0.0,29<x<43,x<0,x<0,0<x<24,x<0.0,NO
987,x<0.0,51<x<77,x<0,15276.0<x<30553.0,x<0.0,x<0,0<x<24,0<x<13,x<0,5.0<x<10.0,NO
988,x<0.0,25<x<51,0<x<24,0.0<x<15276.0,0.0<x<752187.0,x<0,0<x<24,0<x<13,x<0,0.0<x<5.0,NO
989,0.0<x<12677.0,25<x<51,0<x<24,0.0<x<15276.0,0.0<x<752187.0,0<x<14,0<x<24,x<0,0<x<24,x<0.0,NO
990,x<0.0,x>77,x<0,x<0.0,x<0.0,x>43,0<x<24,x<0,0<x<24,5.0<x<10.0,NO
991,0.0<x<12677.0,x>77,x<0,x<0.0,x<0.0,0<x<14,0<x<24,13<x<27,0<x<24,0.0<x<5.0,NO
992,0.0<x<12677.0,51<x<77,0<x<24,0.0<x<15276.0,0.0<x<752187.0,14<x<29,x<0,x<0,0<x<24,5.0<x<10.0,NO
993,x<0.0,25<x<51,0<x<24,x<0.0,0.0<x<752187.0,x>43,x<0,x<0,0<x<24,0.0<x<5.0,NO
994,x<0.0,25<x<51,0<x<24,x<0.0,0.0<x<752187.0,14<x<29,0<x<24,13<x<27,0<x<24,x<0.0,NO
995,0.0<x<12677.0,25<x<51,0<x<24,x<0.0,0.0<x<752187.0,14<x<29,x<0,x<0,0<x<24,5.0<x<10.0,NO
996,x<0.0,0<x<25,0<x<24,15276.0<x<30553.0,0.0<x<752187.0,x>43,0<x<24,x<0,0<x<24,x<0.0,NO
997,x<0.0,x>77,x<0,x<0.0,x<0.0,14<x<29,0<x<24,x<0,0<x<24,x<0.0,NO
998,0.0<x<12677.0,x>77,0<x<24,0.0<x<15276.0,0.0<x<752187.0,29<x<43,0<x<24,x<0,0<x<24,0.0<x<5.0,NO
999,0.0<x<12677.0,25<x<51,x<0,0.0<x<15276.0,x<0.0,x<0,x<0,x<0,0<x<24,5.0<x<10.0,NO
