id,RevolvingUtilizationOfUnsecuredLines,DebtRatio,Unnamed: 0,age,NumberOfTime30-59DaysPastDueNotWorse,MonthlyIncome,NumberOfOpenCreditLinesAndLoans,NumberOfTimes90DaysLate,NumberRealEstateLoansOrLines,NumberOfTime60-89DaysPastDueNotWorse,NumberOfDependents,class
0,0.003204331,0.568886223,1<x<603,39<x<57,0<x<24,0<x<52083,0<x<11,x<24,4<x<8,0<x<24,0<x<2,NO
1,0.073251754,0.003961804,1<x<603,39<x<57,0<x<24,0<x<52083,0<x<11,0<x<24,4<x<8,x>73,4<x<6,NO
2,0.03737868,0.093442906,603<x<1206,21<x<39,x<24,0<x<52083,x<11,0<x<24,0<x<4,0<x<24,0<x<2,NO
3,0.01099945,2883.0,1206<x<1809,57<x<75,x>73,0<x<52083,11<x<23,0<x<24,0<x<4,0<x<24,0<x<2,NO
4,0.062146416,0.426685865,603<x<1206,x>75,0<x<24,0<x<52083,23<x<34,x>73,8<x<12,x<24,x>6,NO
5,0.4123986220000001,0.142285905,1206<x<1809,39<x<57,0<x<24,0<x<52083,23<x<34,0<x<24,0<x<4,x<24,4<x<6,NO
6,0.075129641,0.407318536,1<x<603,39<x<57,0<x<24,0<x<52083,23<x<34,0<x<24,4<x<8,0<x<24,0<x<2,NO
7,0.052436094,0.066564358,603<x<1206,39<x<57,0<x<24,0<x<52083,0<x<11,0<x<24,4<x<8,x>73,4<x<6,NO
8,0.078958502,0.281088189,x>1809,x>75,0<x<24,0<x<52083,0<x<11,0<x<24,4<x<8,0<x<24,2<x<4,NO
9,0.124801376,0.506873282,x>1809,x>75,0<x<24,0<x<52083,0<x<11,0<x<24,4<x<8,x>73,4<x<6,NO
10,0.019760608,0.226599205,1206<x<1809,21<x<39,0<x<24,0<x<52083,x<11,0<x<24,4<x<8,x>73,4<x<6,NO
11,0.366062091,0.664221287,1206<x<1809,x>75,0<x<24,0<x<52083,0<x<11,x>73,x>12,0<x<24,2<x<4,NO
12,0.399033876,0.252527295,1206<x<1809,21<x<39,0<x<24,0<x<52083,11<x<23,x<24,0<x<4,0<x<24,x>6,NO
13,0.006666096999999999,0.168593933,x>1809,21<x<39,0<x<24,0<x<52083,0<x<11,0<x<24,4<x<8,0<x<24,0<x<2,NO
14,1.163184115,0.5921030620000001,1<x<603,21<x<39,0<x<24,0<x<52083,11<x<23,x<24,0<x<4,x>73,0<x<2,NO
15,0.038660566,0.111444278,603<x<1206,39<x<57,x>73,0<x<52083,23<x<34,0<x<24,4<x<8,0<x<24,0<x<2,NO
16,0.016598893,0.33601142700000003,x>1809,39<x<57,0<x<24,0<x<52083,11<x<23,0<x<24,8<x<12,0<x<24,x>6,NO
17,0.883182488,2.51196093,x>1809,57<x<75,0<x<24,0<x<52083,0<x<11,0<x<24,0<x<4,0<x<24,4<x<6,NO
18,0.044842922,0.184625639,1<x<603,57<x<75,x<24,0<x<52083,11<x<23,0<x<24,4<x<8,0<x<24,0<x<2,NO
19,0.14634433300000002,0.260669262,1206<x<1809,39<x<57,0<x<24,0<x<52083,23<x<34,0<x<24,4<x<8,0<x<24,x>6,NO
20,0.0075019369999999985,0.5070616170000001,1<x<603,57<x<75,0<x<24,0<x<52083,x>34,0<x<24,0<x<4,x>73,x>6,NO
21,0.495520162,0.03263928,1<x<603,57<x<75,0<x<24,0<x<52083,23<x<34,0<x<24,4<x<8,x<24,x>6,NO
22,0.164283572,0.044093178,1206<x<1809,57<x<75,0<x<24,0<x<52083,11<x<23,0<x<24,4<x<8,x<24,x>6,NO
23,0.006799093000000001,0.282883462,1206<x<1809,21<x<39,0<x<24,0<x<52083,11<x<23,x>73,8<x<12,0<x<24,0<x<2,NO
24,0.996667111,0.090341011,1206<x<1809,39<x<57,0<x<24,0<x<52083,0<x<11,0<x<24,4<x<8,x<24,4<x<6,NO
25,0.059077637,0.718816068,603<x<1206,57<x<75,0<x<24,0<x<52083,23<x<34,0<x<24,4<x<8,x>73,0<x<2,NO
26,0.005967586,0.226433961,1<x<603,21<x<39,0<x<24,0<x<52083,0<x<11,0<x<24,0<x<4,0<x<24,x>6,NO
27,0.9543957,0.914857386,1206<x<1809,x<39,0<x<24,0<x<52083,0<x<11,0<x<24,0<x<4,0<x<24,2<x<4,NO
28,0.93549709,0.6138320589999999,x>1809,x>75,x>73,0<x<52083,23<x<34,0<x<24,x<4,0<x<24,0<x<2,NO
29,0.901509849,0.186841149,x>1809,39<x<57,0<x<24,0<x<52083,0<x<11,0<x<24,0<x<4,0<x<24,2<x<4,NO
30,0.403427913,0.372513562,1<x<603,x>75,0<x<24,0<x<52083,0<x<11,0<x<24,0<x<4,x>73,4<x<6,NO
31,0.000866638,0.004665112,x>1809,x>75,0<x<24,0<x<52083,0<x<11,0<x<24,x>12,0<x<24,x<2,NO
32,0.507950931,0.518683579,1<x<603,21<x<39,0<x<24,0<x<52083,11<x<23,0<x<24,8<x<12,0<x<24,2<x<4,NO
33,0.96673631,1.052171197,x>1809,57<x<75,0<x<24,0<x<52083,23<x<34,0<x<24,8<x<12,0<x<24,0<x<2,NO
34,0.013713796,1.035995501,1<x<603,39<x<57,0<x<24,0<x<52083,11<x<23,x<24,8<x<12,0<x<24,x<2,NO
35,0.085152475,0.931785196,1<x<603,x>75,0<x<24,0<x<52083,0<x<11,x>73,0<x<4,0<x<24,2<x<4,NO
36,0.097217141,0.563852484,x>1809,x>75,0<x<24,0<x<52083,11<x<23,x>73,0<x<4,0<x<24,x<2,NO
37,0.004384128,0.085240726,603<x<1206,21<x<39,0<x<24,0<x<52083,11<x<23,0<x<24,0<x<4,0<x<24,x>6,NO
38,0.140110634,0.213109877,x>1809,39<x<57,0<x<24,0<x<52083,11<x<23,0<x<24,x<4,0<x<24,2<x<4,NO
39,0.31844615,0.315929793,1206<x<1809,57<x<75,x>73,0<x<52083,0<x<11,0<x<24,4<x<8,0<x<24,2<x<4,NO
40,0.600289222,0.452363811,x>1809,21<x<39,0<x<24,52083<x<104166,11<x<23,0<x<24,4<x<8,0<x<24,2<x<4,NO
41,0.112855258,0.257731959,1206<x<1809,39<x<57,0<x<24,0<x<52083,11<x<23,x>73,8<x<12,x<24,2<x<4,NO
42,0.013218661,0.712194056,1206<x<1809,x>75,0<x<24,0<x<52083,11<x<23,0<x<24,0<x<4,0<x<24,4<x<6,NO
43,0.621468927,0.437996083,1<x<603,x>75,x<24,0<x<52083,11<x<23,0<x<24,8<x<12,x>73,x<2,NO
44,0.15956134800000002,0.304821151,1206<x<1809,21<x<39,0<x<24,0<x<52083,11<x<23,x<24,4<x<8,x<24,0<x<2,NO
45,0.039387786,0.330820706,603<x<1206,57<x<75,0<x<24,0<x<52083,11<x<23,0<x<24,8<x<12,0<x<24,0<x<2,NO
46,0.312571479,0.024340075,x>1809,39<x<57,0<x<24,0<x<52083,11<x<23,x<24,0<x<4,0<x<24,x>6,NO
47,0.683035218,0.766319773,603<x<1206,21<x<39,0<x<24,0<x<52083,11<x<23,0<x<24,8<x<12,0<x<24,x<2,NO
48,0.17988008,0.50857819,1206<x<1809,x>75,0<x<24,0<x<52083,0<x<11,x<24,0<x<4,0<x<24,x>6,NO
49,0.030761368,0.5436259489999999,x>1809,21<x<39,0<x<24,0<x<52083,0<x<11,0<x<24,0<x<4,0<x<24,x<2,NO
50,0.250008365,0.260763359,1<x<603,39<x<57,0<x<24,0<x<52083,0<x<11,0<x<24,0<x<4,x>73,2<x<4,NO
51,0.457154579,0.050887927,x>1809,21<x<39,0<x<24,0<x<52083,11<x<23,0<x<24,4<x<8,0<x<24,0<x<2,NO
52,0.004195682,0.389895596,1206<x<1809,21<x<39,0<x<24,0<x<52083,0<x<11,x<24,x<4,0<x<24,4<x<6,NO
53,0.887080965,0.000268637,603<x<1206,x>75,x>73,0<x<52083,0<x<11,x>73,0<x<4,0<x<24,2<x<4,NO
54,0.297094601,0.121859768,1<x<603,39<x<57,0<x<24,0<x<52083,0<x<11,x<24,0<x<4,0<x<24,4<x<6,NO
55,0.017926392,0.32224953,x>1809,x>75,0<x<24,0<x<52083,0<x<11,x>73,0<x<4,x>73,2<x<4,NO
56,0.226957563,0.5274314210000001,x>1809,x<39,0<x<24,0<x<52083,23<x<34,x<24,x>12,x>73,2<x<4,NO
57,0.439512098,0.353441093,x>1809,21<x<39,0<x<24,0<x<52083,11<x<23,0<x<24,4<x<8,0<x<24,2<x<4,NO
58,0.831128732,0.41905226,1<x<603,57<x<75,0<x<24,0<x<52083,11<x<23,x>73,4<x<8,x>73,2<x<4,NO
59,0.663605086,0.312937413,x>1809,57<x<75,0<x<24,0<x<52083,11<x<23,x<24,4<x<8,0<x<24,0<x<2,NO
60,0.6429428229999999,0.246784845,1206<x<1809,39<x<57,x<24,0<x<52083,11<x<23,0<x<24,x>12,0<x<24,x>6,NO
61,0.028047149,0.195701075,603<x<1206,57<x<75,0<x<24,0<x<52083,0<x<11,0<x<24,4<x<8,0<x<24,4<x<6,NO
62,0.632279534,0.5851222420000001,1206<x<1809,21<x<39,0<x<24,0<x<52083,23<x<34,0<x<24,0<x<4,0<x<24,0<x<2,NO
63,0.02395761,3.45243805,603<x<1206,x<39,0<x<24,0<x<52083,0<x<11,0<x<24,x<4,0<x<24,2<x<4,NO
64,0.010646433,0.611050027,x>1809,39<x<57,0<x<24,0<x<52083,11<x<23,0<x<24,4<x<8,x>73,x>6,NO
65,0.548458062,0.586602671,1<x<603,57<x<75,0<x<24,0<x<52083,0<x<11,0<x<24,4<x<8,x>73,0<x<2,NO
66,0.1031864,0.19170579,603<x<1206,21<x<39,0<x<24,0<x<52083,11<x<23,0<x<24,x>12,0<x<24,2<x<4,NO
67,0.213456163,0.249076288,x>1809,57<x<75,0<x<24,0<x<52083,11<x<23,x<24,0<x<4,0<x<24,0<x<2,NO
68,0.076703026,0.332698534,x>1809,57<x<75,x<24,0<x<52083,23<x<34,x>73,0<x<4,0<x<24,4<x<6,NO
69,0.268475704,0.19144132,1<x<603,39<x<57,0<x<24,0<x<52083,23<x<34,0<x<24,4<x<8,x>73,x<2,NO
70,0.727560021,0.24042455,1<x<603,57<x<75,0<x<24,0<x<52083,23<x<34,x<24,4<x<8,0<x<24,x>6,NO
71,0.123238967,1.112942122,603<x<1206,x>75,0<x<24,0<x<52083,11<x<23,x<24,4<x<8,0<x<24,x<2,NO
72,0.901795412,0.012420181,603<x<1206,57<x<75,x>73,0<x<52083,0<x<11,0<x<24,x<4,0<x<24,0<x<2,NO
73,0.000808265,0.092762895,1<x<603,21<x<39,0<x<24,0<x<52083,0<x<11,0<x<24,4<x<8,x>73,0<x<2,NO
74,0.189053083,0.252274773,1206<x<1809,21<x<39,x<24,0<x<52083,0<x<11,0<x<24,4<x<8,0<x<24,2<x<4,NO
75,0.571987146,0.984408835,603<x<1206,57<x<75,0<x<24,0<x<52083,11<x<23,x>73,4<x<8,x<24,0<x<2,NO
76,0.106517279,0.047961631,1206<x<1809,x>75,x>73,0<x<52083,23<x<34,0<x<24,4<x<8,0<x<24,4<x<6,NO
77,0.008407096,0.151956584,x>1809,x>75,0<x<24,0<x<52083,0<x<11,0<x<24,x<4,0<x<24,4<x<6,NO
78,0.96673631,2.030193961,x>1809,39<x<57,0<x<24,0<x<52083,11<x<23,0<x<24,0<x<4,0<x<24,4<x<6,NO
79,0.8017645440000001,0.26991654,603<x<1206,57<x<75,0<x<24,0<x<52083,23<x<34,x<24,0<x<4,x>73,x>6,NO
80,0.944044764,0.286071566,603<x<1206,21<x<39,0<x<24,0<x<52083,23<x<34,x>73,x<4,0<x<24,4<x<6,NO
81,0.041411471,0.281729338,603<x<1206,39<x<57,0<x<24,0<x<52083,23<x<34,0<x<24,4<x<8,0<x<24,0<x<2,NO
82,0.050857227000000005,0.249076288,1<x<603,x>75,0<x<24,0<x<52083,23<x<34,x<24,4<x<8,0<x<24,0<x<2,NO
83,0.928188347,0.226433961,1206<x<1809,39<x<57,0<x<24,0<x<52083,23<x<34,0<x<24,0<x<4,x>73,0<x<2,NO
84,0.8114710190000001,0.004665112,1206<x<1809,57<x<75,0<x<24,0<x<52083,23<x<34,0<x<24,4<x<8,0<x<24,4<x<6,NO
85,0.630787623,0.278969295,1206<x<1809,21<x<39,0<x<24,0<x<52083,11<x<23,0<x<24,8<x<12,0<x<24,0<x<2,NO
86,0.046682013,0.298644545,603<x<1206,57<x<75,0<x<24,0<x<52083,0<x<11,0<x<24,8<x<12,0<x<24,2<x<4,NO
87,0.436410214,0.50857819,1206<x<1809,39<x<57,0<x<24,0<x<52083,23<x<34,0<x<24,0<x<4,0<x<24,4<x<6,NO
88,0.450384987,0.347930414,1206<x<1809,21<x<39,0<x<24,0<x<52083,0<x<11,x>73,0<x<4,0<x<24,x>6,NO
89,0.106475741,0.430046338,1206<x<1809,57<x<75,0<x<24,0<x<52083,x>34,0<x<24,0<x<4,x>73,x<2,NO
90,0.5474445920000001,0.6263947320000001,1<x<603,x>75,0<x<24,0<x<52083,0<x<11,x<24,4<x<8,0<x<24,0<x<2,NO
91,0.21955042,0.335733141,603<x<1206,x>75,0<x<24,0<x<52083,0<x<11,x<24,0<x<4,0<x<24,x<2,NO
92,0.132205488,0.679853795,1<x<603,21<x<39,0<x<24,0<x<52083,11<x<23,x>73,0<x<4,x>73,x>6,NO
93,0.21286031,0.596621408,x>1809,21<x<39,0<x<24,0<x<52083,0<x<11,0<x<24,4<x<8,0<x<24,0<x<2,NO
94,0.004396358,0.00912845,603<x<1206,39<x<57,0<x<24,0<x<52083,11<x<23,0<x<24,x>12,0<x<24,0<x<2,NO
95,0.02579742,0.141314491,1<x<603,39<x<57,0<x<24,0<x<52083,11<x<23,0<x<24,x>12,0<x<24,x>6,NO
96,0.110327321,0.007997715,603<x<1206,21<x<39,0<x<24,0<x<52083,11<x<23,x>73,0<x<4,0<x<24,x<2,NO
97,0.408690635,0.285324697,1206<x<1809,39<x<57,0<x<24,0<x<52083,0<x<11,0<x<24,8<x<12,0<x<24,4<x<6,NO
98,0.65854007,0.216678332,x>1809,x>75,0<x<24,0<x<52083,23<x<34,0<x<24,x<4,0<x<24,4<x<6,NO
99,0.31309339,0.041583367,603<x<1206,x>75,0<x<24,0<x<52083,11<x<23,0<x<24,4<x<8,0<x<24,2<x<4,NO
100,0.10088331,0.094140517,603<x<1206,57<x<75,0<x<24,0<x<52083,23<x<34,0<x<24,4<x<8,0<x<24,4<x<6,NO
101,0.955545894,0.479794473,x>1809,x>75,0<x<24,0<x<52083,11<x<23,x<24,4<x<8,0<x<24,x<2,NO
102,0.474681259,0.643118149,x>1809,39<x<57,0<x<24,0<x<52083,0<x<11,x<24,4<x<8,x>73,0<x<2,NO
103,0.412198568,0.324611033,1<x<603,57<x<75,x>73,0<x<52083,x<11,0<x<24,4<x<8,0<x<24,2<x<4,NO
104,0.001101664,0.884470118,x>1809,39<x<57,0<x<24,0<x<52083,23<x<34,0<x<24,4<x<8,0<x<24,2<x<4,NO
105,0.540729635,0.38652351,1206<x<1809,x>75,0<x<24,0<x<52083,23<x<34,0<x<24,4<x<8,0<x<24,x<2,NO
106,0.003503268,0.267146571,x>1809,x>75,0<x<24,0<x<52083,0<x<11,x>73,0<x<4,0<x<24,0<x<2,NO
107,0.6933296809999999,0.160813579,1206<x<1809,21<x<39,0<x<24,0<x<52083,0<x<11,0<x<24,4<x<8,x<24,0<x<2,NO
108,0.008287427,79.0,x>1809,57<x<75,0<x<24,0<x<52083,11<x<23,0<x<24,4<x<8,0<x<24,x>6,NO
109,0.287522654,0.641991925,1<x<603,21<x<39,x>73,0<x<52083,11<x<23,0<x<24,0<x<4,0<x<24,x>6,NO
110,0.002108808,0.211071821,1206<x<1809,21<x<39,0<x<24,0<x<52083,23<x<34,0<x<24,4<x<8,x<24,2<x<4,NO
111,0.026048127,0.530156614,1206<x<1809,21<x<39,0<x<24,0<x<52083,x<11,0<x<24,0<x<4,0<x<24,x>6,NO
112,0.017258976999999998,0.060705974,1<x<603,57<x<75,0<x<24,0<x<52083,11<x<23,0<x<24,4<x<8,0<x<24,4<x<6,NO
113,0.073191767,1.4785775490000002,603<x<1206,57<x<75,0<x<24,0<x<52083,23<x<34,0<x<24,x<4,x>73,2<x<4,NO
114,0.979195663,0.243744128,603<x<1206,x>75,0<x<24,0<x<52083,23<x<34,0<x<24,0<x<4,0<x<24,2<x<4,NO
115,0.024378631,0.207789429,1<x<603,57<x<75,0<x<24,0<x<52083,11<x<23,0<x<24,4<x<8,x<24,x>6,NO
116,0.012887966,0.235086836,1<x<603,57<x<75,0<x<24,0<x<52083,0<x<11,0<x<24,x>12,x<24,2<x<4,NO
117,0.578849363,0.401873049,1206<x<1809,x>75,0<x<24,0<x<52083,0<x<11,0<x<24,0<x<4,0<x<24,4<x<6,NO
118,0.346881093,0.038740315,1206<x<1809,x>75,0<x<24,0<x<52083,0<x<11,0<x<24,0<x<4,0<x<24,4<x<6,NO
119,0.017508178,0.199949219,1<x<603,21<x<39,0<x<24,0<x<52083,23<x<34,x<24,4<x<8,0<x<24,x<2,NO
120,0.6715172759999999,0.491100593,x>1809,57<x<75,0<x<24,0<x<52083,11<x<23,0<x<24,4<x<8,0<x<24,2<x<4,NO
121,0.281880372,0.468198992,1<x<603,57<x<75,0<x<24,0<x<52083,23<x<34,0<x<24,x<4,0<x<24,0<x<2,NO
122,0.02329767,0.785404865,x>1809,39<x<57,0<x<24,0<x<52083,23<x<34,x>73,x<4,x>73,2<x<4,NO
123,0.003938695,0.243919633,603<x<1206,39<x<57,0<x<24,0<x<52083,23<x<34,0<x<24,0<x<4,0<x<24,2<x<4,NO
124,0.245744673,0.17526690399999995,1206<x<1809,x>75,0<x<24,0<x<52083,0<x<11,0<x<24,0<x<4,0<x<24,2<x<4,NO
125,0.106517279,0.055915527,603<x<1206,39<x<57,0<x<24,0<x<52083,11<x<23,0<x<24,0<x<4,0<x<24,2<x<4,NO
126,0.265081365,0.200508998,1<x<603,39<x<57,0<x<24,0<x<52083,11<x<23,0<x<24,4<x<8,0<x<24,0<x<2,NO
127,0.118811275,0.41393079,x>1809,39<x<57,0<x<24,0<x<52083,23<x<34,0<x<24,4<x<8,x<24,x>6,NO
128,0.081238383,0.13271682099999998,1206<x<1809,21<x<39,0<x<24,0<x<52083,23<x<34,0<x<24,0<x<4,x<24,x>6,NO
129,0.454971915,0.122830656,x>1809,21<x<39,0<x<24,0<x<52083,11<x<23,0<x<24,0<x<4,0<x<24,x>6,NO
130,0.443696851,1.608695652,1<x<603,x>75,0<x<24,0<x<52083,11<x<23,0<x<24,0<x<4,x>73,x>6,NO
131,0.122295933,0.224465502,1<x<603,57<x<75,0<x<24,0<x<52083,23<x<34,0<x<24,4<x<8,x<24,x>6,NO
132,0.078497383,0.119660709,1206<x<1809,21<x<39,x>73,0<x<52083,23<x<34,0<x<24,4<x<8,0<x<24,4<x<6,NO
133,0.402345742,0.272721679,x>1809,21<x<39,0<x<24,0<x<52083,11<x<23,0<x<24,8<x<12,0<x<24,2<x<4,NO
134,0.149113358,0.60255418,603<x<1206,57<x<75,0<x<24,0<x<52083,11<x<23,0<x<24,8<x<12,0<x<24,x<2,NO
135,0.417502012,0.344655345,603<x<1206,21<x<39,0<x<24,0<x<52083,0<x<11,0<x<24,4<x<8,x>73,x<2,NO
136,0.019387779,0.236573549,x>1809,21<x<39,0<x<24,0<x<52083,23<x<34,0<x<24,0<x<4,0<x<24,x>6,NO
137,0.6354151570000001,0.723310676,603<x<1206,39<x<57,0<x<24,0<x<52083,0<x<11,0<x<24,x>12,x>73,0<x<2,NO
138,0.602746575,0.436352254,1<x<603,57<x<75,0<x<24,0<x<52083,0<x<11,0<x<24,0<x<4,x>73,2<x<4,NO
139,0.537344212,0.3829647470000001,603<x<1206,57<x<75,0<x<24,0<x<52083,11<x<23,0<x<24,0<x<4,0<x<24,4<x<6,NO
140,0.07082248299999999,0.476704659,x>1809,57<x<75,0<x<24,0<x<52083,11<x<23,0<x<24,4<x<8,0<x<24,x>6,NO
141,0.101740388,1.104301274,1206<x<1809,21<x<39,0<x<24,0<x<52083,11<x<23,0<x<24,4<x<8,x>73,x>6,NO
142,0.902786641,0.344679838,603<x<1206,21<x<39,0<x<24,0<x<52083,11<x<23,0<x<24,0<x<4,0<x<24,4<x<6,NO
143,0.294370925,0.17356528699999998,1206<x<1809,39<x<57,x<24,0<x<52083,0<x<11,0<x<24,x>12,0<x<24,0<x<2,NO
144,0.001890458,0.454052007,x>1809,21<x<39,0<x<24,0<x<52083,0<x<11,x<24,4<x<8,0<x<24,x>6,NO
145,0.002983261,0.460296772,1<x<603,57<x<75,x>73,0<x<52083,0<x<11,x>73,4<x<8,x<24,4<x<6,NO
146,0.258262875,0.284943011,603<x<1206,39<x<57,0<x<24,0<x<52083,23<x<34,0<x<24,0<x<4,0<x<24,0<x<2,NO
147,0.004538163,0.474904943,1206<x<1809,39<x<57,0<x<24,0<x<52083,23<x<34,0<x<24,0<x<4,0<x<24,x<2,NO
148,0.409889289,11311.0,603<x<1206,21<x<39,0<x<24,0<x<52083,0<x<11,0<x<24,0<x<4,0<x<24,x>6,NO
149,0.009937069,0.094525478,x>1809,x>75,0<x<24,0<x<52083,x<11,x>73,4<x<8,0<x<24,0<x<2,NO
150,0.3882572,0.505485087,x>1809,39<x<57,0<x<24,0<x<52083,0<x<11,x>73,4<x<8,0<x<24,x>6,NO
151,0.120733881,1.60215311,1206<x<1809,39<x<57,0<x<24,0<x<52083,0<x<11,0<x<24,8<x<12,x>73,4<x<6,NO
152,0.017043518,0.182954261,x>1809,x>75,0<x<24,0<x<52083,23<x<34,0<x<24,4<x<8,x<24,2<x<4,NO
153,0.035940506000000004,0.441378143,x>1809,39<x<57,0<x<24,0<x<52083,0<x<11,0<x<24,x<4,x>73,2<x<4,NO
154,0.019327552,0.278077082,603<x<1206,21<x<39,0<x<24,0<x<52083,23<x<34,0<x<24,4<x<8,0<x<24,4<x<6,NO
155,0.082452074,1.094979352,1<x<603,21<x<39,0<x<24,0<x<52083,23<x<34,0<x<24,4<x<8,0<x<24,x>6,NO
156,0.8751401059999999,0.442592901,1<x<603,57<x<75,0<x<24,0<x<52083,0<x<11,x>73,0<x<4,0<x<24,x>6,NO
157,0.536461805,0.533965245,603<x<1206,39<x<57,0<x<24,0<x<52083,11<x<23,0<x<24,x>12,0<x<24,2<x<4,NO
158,0.155240525,2.579171742,603<x<1206,57<x<75,x>73,0<x<52083,0<x<11,0<x<24,x<4,0<x<24,4<x<6,NO
159,0.023907646,10.17127624,1206<x<1809,21<x<39,0<x<24,0<x<52083,0<x<11,x>73,8<x<12,0<x<24,0<x<2,NO
160,0.028124498,0.277920594,x>1809,57<x<75,0<x<24,0<x<52083,0<x<11,x<24,0<x<4,x<24,x>6,NO
161,0.093962275,0.286071566,1<x<603,21<x<39,0<x<24,52083<x<104166,0<x<11,x>73,8<x<12,0<x<24,2<x<4,NO
162,0.7342843809999999,0.018495376,1206<x<1809,x>75,0<x<24,0<x<52083,0<x<11,x>73,4<x<8,x<24,4<x<6,NO
163,0.003749688,1.065304309,1206<x<1809,57<x<75,0<x<24,0<x<52083,11<x<23,0<x<24,4<x<8,0<x<24,0<x<2,NO
164,0.186223251,1.0341524359999998,1<x<603,57<x<75,0<x<24,0<x<52083,11<x<23,0<x<24,4<x<8,x>73,x>6,NO
165,0.006137825,0.894878706,1206<x<1809,39<x<57,0<x<24,0<x<52083,23<x<34,0<x<24,4<x<8,0<x<24,x<2,NO
166,0.540729635,0.282830201,603<x<1206,x>75,0<x<24,0<x<52083,11<x<23,0<x<24,0<x<4,0<x<24,0<x<2,NO
167,0.612030682,0.277909927,1206<x<1809,x>75,x>73,0<x<52083,x>34,0<x<24,0<x<4,0<x<24,4<x<6,NO
168,0.185087574,0.65170345,x>1809,21<x<39,0<x<24,0<x<52083,11<x<23,0<x<24,4<x<8,0<x<24,2<x<4,NO
169,0.006489024,0.461357487,x>1809,39<x<57,x<24,0<x<52083,23<x<34,x>73,4<x<8,0<x<24,2<x<4,NO
170,0.016861692,0.463610776,1<x<603,21<x<39,0<x<24,0<x<52083,0<x<11,0<x<24,4<x<8,x<24,x<2,NO
171,0.973447395,0.917543584,1<x<603,57<x<75,0<x<24,0<x<52083,23<x<34,0<x<24,0<x<4,0<x<24,4<x<6,NO
172,0.911663333,0.19144132,603<x<1206,39<x<57,0<x<24,0<x<52083,x>34,0<x<24,0<x<4,0<x<24,0<x<2,NO
173,0.16351208,0.064119265,1<x<603,39<x<57,0<x<24,0<x<52083,0<x<11,0<x<24,0<x<4,0<x<24,2<x<4,NO
174,0.036158699,0.150896982,1206<x<1809,21<x<39,0<x<24,0<x<52083,23<x<34,x<24,0<x<4,0<x<24,0<x<2,NO
175,0.6354151570000001,0.178619035,1206<x<1809,x>75,x>73,0<x<52083,23<x<34,x<24,x<4,x>73,4<x<6,NO
176,0.032128341,0.404638145,x>1809,21<x<39,0<x<24,0<x<52083,11<x<23,0<x<24,4<x<8,0<x<24,x<2,NO
177,0.023939941,2591.0,x>1809,x>75,0<x<24,0<x<52083,11<x<23,0<x<24,x<4,x<24,x>6,NO
178,0.000115738,1687.5,1206<x<1809,21<x<39,0<x<24,0<x<52083,0<x<11,0<x<24,4<x<8,0<x<24,4<x<6,NO
179,0.292365949,0.19618869100000005,603<x<1206,x>75,0<x<24,0<x<52083,11<x<23,x<24,0<x<4,x<24,0<x<2,NO
180,0.095965505,0.436352254,603<x<1206,57<x<75,0<x<24,0<x<52083,11<x<23,0<x<24,0<x<4,x<24,4<x<6,NO
181,0.351892829,0.659678643,1<x<603,39<x<57,0<x<24,0<x<52083,11<x<23,0<x<24,4<x<8,x>73,2<x<4,NO
182,0.10680013,0.185755935,603<x<1206,57<x<75,x>73,0<x<52083,0<x<11,0<x<24,0<x<4,0<x<24,2<x<4,NO
183,0.245930854,0.7824267779999999,x>1809,21<x<39,0<x<24,0<x<52083,0<x<11,0<x<24,4<x<8,0<x<24,2<x<4,NO
184,1.025987006,0.673983917,1<x<603,39<x<57,0<x<24,0<x<52083,11<x<23,0<x<24,4<x<8,0<x<24,x>6,NO
185,0.000307164,0.373740482,x>1809,x>75,0<x<24,0<x<52083,23<x<34,0<x<24,8<x<12,0<x<24,4<x<6,NO
186,0.225189112,0.055915527,1<x<603,21<x<39,0<x<24,0<x<52083,11<x<23,0<x<24,x<4,0<x<24,4<x<6,NO
187,1.953488372,0.603763294,x>1809,21<x<39,0<x<24,0<x<52083,x<11,x<24,4<x<8,0<x<24,0<x<2,NO
188,0.59410642,0.286158631,1206<x<1809,57<x<75,0<x<24,0<x<52083,11<x<23,0<x<24,4<x<8,0<x<24,4<x<6,NO
189,0.024624807,0.241675832,603<x<1206,39<x<57,0<x<24,0<x<52083,23<x<34,0<x<24,4<x<8,x>73,4<x<6,NO
190,0.363993614,0.432814229,603<x<1206,21<x<39,x>73,0<x<52083,11<x<23,x<24,4<x<8,0<x<24,2<x<4,NO
191,0.14634433300000002,0.48771563,603<x<1206,x>75,0<x<24,0<x<52083,23<x<34,0<x<24,4<x<8,0<x<24,x>6,NO
192,0.677963523,0.611755298,1206<x<1809,x>75,0<x<24,0<x<52083,11<x<23,0<x<24,0<x<4,0<x<24,4<x<6,NO
193,0.268399353,0.365384615,603<x<1206,21<x<39,0<x<24,0<x<52083,0<x<11,0<x<24,x>12,0<x<24,4<x<6,NO
194,0.352920416,0.607185223,603<x<1206,21<x<39,0<x<24,0<x<52083,11<x<23,0<x<24,4<x<8,0<x<24,x>6,NO
195,0.992015968,0.385322935,x>1809,x>75,0<x<24,0<x<52083,23<x<34,x>73,0<x<4,0<x<24,4<x<6,NO
196,0.007749806,0.297925519,603<x<1206,57<x<75,0<x<24,0<x<52083,0<x<11,0<x<24,0<x<4,x>73,4<x<6,NO
197,0.390088472,0.103343465,603<x<1206,39<x<57,0<x<24,0<x<52083,11<x<23,x>73,0<x<4,0<x<24,2<x<4,NO
198,0.132962653,0.427882174,603<x<1206,21<x<39,0<x<24,0<x<52083,11<x<23,0<x<24,0<x<4,0<x<24,2<x<4,NO
199,0.745173448,0.150494324,603<x<1206,21<x<39,x<24,0<x<52083,23<x<34,0<x<24,0<x<4,0<x<24,x>6,NO
200,0.3910456020000001,0.381269788,x>1809,57<x<75,0<x<24,0<x<52083,23<x<34,0<x<24,x<4,x>73,0<x<2,NO
201,0.201943642,0.226433961,1206<x<1809,21<x<39,0<x<24,0<x<52083,0<x<11,0<x<24,0<x<4,0<x<24,0<x<2,NO
202,0.282711455,0.08626928199999999,603<x<1206,21<x<39,0<x<24,0<x<52083,23<x<34,x>73,4<x<8,0<x<24,x>6,NO
203,0.062716294,0.184123484,603<x<1206,21<x<39,x>73,0<x<52083,23<x<34,0<x<24,x<4,x>73,2<x<4,NO
204,0.149113358,0.513602495,1<x<603,21<x<39,x>73,0<x<52083,11<x<23,0<x<24,0<x<4,x>73,2<x<4,NO
205,0.006838698000000001,0.259102536,x>1809,21<x<39,x>73,0<x<52083,23<x<34,0<x<24,4<x<8,0<x<24,4<x<6,NO
206,0.049761737,0.333703621,1<x<603,21<x<39,0<x<24,0<x<52083,23<x<34,0<x<24,4<x<8,0<x<24,x>6,NO
207,0.4275909000000001,0.3884366520000001,603<x<1206,x>75,0<x<24,0<x<52083,0<x<11,0<x<24,4<x<8,0<x<24,2<x<4,NO
208,0.147123525,0.15955313699999998,603<x<1206,x>75,x<24,0<x<52083,0<x<11,0<x<24,x<4,0<x<24,4<x<6,NO
209,0.33330412600000003,0.53152876,603<x<1206,57<x<75,x>73,0<x<52083,0<x<11,x<24,x<4,0<x<24,x>6,NO
210,0.007293689,0.220878049,1206<x<1809,57<x<75,0<x<24,0<x<52083,0<x<11,0<x<24,0<x<4,0<x<24,x<2,NO
211,0.845719252,0.235086836,603<x<1206,21<x<39,x>73,0<x<52083,11<x<23,x<24,x>12,0<x<24,x<2,NO
212,0.156305221,0.150896982,x>1809,21<x<39,0<x<24,0<x<52083,0<x<11,0<x<24,4<x<8,0<x<24,x>6,NO
213,0.032570498,0.061148228,x>1809,x>75,0<x<24,0<x<52083,0<x<11,0<x<24,4<x<8,0<x<24,2<x<4,NO
214,0.15576324,0.265091864,1<x<603,21<x<39,0<x<24,0<x<52083,11<x<23,0<x<24,0<x<4,0<x<24,0<x<2,NO
215,0.001019592,0.494706249,1206<x<1809,39<x<57,0<x<24,0<x<52083,23<x<34,0<x<24,4<x<8,0<x<24,x>6,NO
216,0.055228298,0.227874155,603<x<1206,x>75,0<x<24,0<x<52083,0<x<11,x<24,0<x<4,x>73,0<x<2,NO
217,0.023767433,0.367553674,x>1809,x<39,x>73,0<x<52083,0<x<11,0<x<24,0<x<4,x>73,0<x<2,NO
218,0.325306795,0.1968002,x>1809,21<x<39,0<x<24,0<x<52083,0<x<11,0<x<24,0<x<4,0<x<24,2<x<4,NO
219,0.089290836,0.040845473,x>1809,x>75,0<x<24,0<x<52083,0<x<11,0<x<24,0<x<4,0<x<24,0<x<2,NO
220,0.013218661,0.00244798,1206<x<1809,57<x<75,x<24,0<x<52083,23<x<34,x>73,4<x<8,x<24,x<2,NO
221,0.040186458,0.716118685,x>1809,57<x<75,0<x<24,0<x<52083,11<x<23,x<24,x<4,0<x<24,0<x<2,NO
222,0.778719498,0.113866325,x>1809,21<x<39,0<x<24,0<x<52083,0<x<11,x>73,0<x<4,0<x<24,4<x<6,NO
223,2340.0,0.286938021,1<x<603,57<x<75,0<x<24,0<x<52083,0<x<11,0<x<24,x>12,0<x<24,4<x<6,NO
224,0.02464305,0.537720414,1<x<603,57<x<75,0<x<24,0<x<52083,11<x<23,x>73,0<x<4,x>73,0<x<2,NO
225,0.389219882,0.8245598670000001,603<x<1206,x>75,0<x<24,0<x<52083,11<x<23,0<x<24,4<x<8,0<x<24,x<2,NO
226,0.003851709,0.391440175,603<x<1206,39<x<57,0<x<24,0<x<52083,11<x<23,0<x<24,x>12,0<x<24,0<x<2,NO
227,0.08740938300000001,0.264227981,603<x<1206,57<x<75,0<x<24,0<x<52083,0<x<11,0<x<24,0<x<4,0<x<24,x>6,NO
228,0.6731895440000001,0.459220111,1206<x<1809,57<x<75,x>73,0<x<52083,0<x<11,0<x<24,0<x<4,0<x<24,x>6,NO
229,0.387065977,0.178454842,1206<x<1809,57<x<75,0<x<24,0<x<52083,0<x<11,0<x<24,0<x<4,x>73,x>6,NO
230,0.24367426600000006,0.5071642789999999,603<x<1206,57<x<75,0<x<24,0<x<52083,0<x<11,0<x<24,0<x<4,0<x<24,4<x<6,NO
231,0.161644287,0.467359341,1<x<603,57<x<75,0<x<24,0<x<52083,0<x<11,x<24,x>12,0<x<24,0<x<2,NO
232,0.531963331,0.03016164,1206<x<1809,21<x<39,x<24,0<x<52083,0<x<11,0<x<24,0<x<4,x>73,0<x<2,NO
233,0.015200908,0.235238988,x>1809,21<x<39,0<x<24,0<x<52083,0<x<11,x>73,x>12,0<x<24,4<x<6,NO
234,0.000358843,0.003763643,1206<x<1809,39<x<57,0<x<24,0<x<52083,0<x<11,0<x<24,4<x<8,0<x<24,0<x<2,NO
235,0.336596148,0.498488489,1206<x<1809,39<x<57,0<x<24,0<x<52083,11<x<23,x>73,0<x<4,0<x<24,x<2,NO
236,0.284236153,0.00119952,1206<x<1809,x>75,0<x<24,0<x<52083,11<x<23,0<x<24,0<x<4,0<x<24,4<x<6,NO
237,0.499537644,0.293637575,x>1809,21<x<39,0<x<24,0<x<52083,23<x<34,0<x<24,4<x<8,0<x<24,0<x<2,NO
238,0.106475741,0.759585388,1<x<603,39<x<57,0<x<24,0<x<52083,11<x<23,0<x<24,0<x<4,0<x<24,0<x<2,NO
239,0.808042698,0.099590041,1206<x<1809,57<x<75,x>73,0<x<52083,11<x<23,x>73,0<x<4,0<x<24,x>6,NO
240,0.117133186,0.322765851,1<x<603,57<x<75,0<x<24,0<x<52083,23<x<34,x>73,4<x<8,0<x<24,2<x<4,NO
241,0.125242868,0.401873049,1<x<603,57<x<75,0<x<24,0<x<52083,0<x<11,0<x<24,x<4,x<24,4<x<6,NO
242,0.011986243,0.295480067,1206<x<1809,39<x<57,0<x<24,0<x<52083,11<x<23,0<x<24,0<x<4,0<x<24,4<x<6,NO
243,0.193612774,0.35976829200000005,1206<x<1809,39<x<57,0<x<24,0<x<52083,0<x<11,0<x<24,8<x<12,0<x<24,0<x<2,NO
244,0.075129641,0.193567203,1206<x<1809,57<x<75,0<x<24,0<x<52083,0<x<11,0<x<24,4<x<8,0<x<24,x>6,NO
245,0.353103186,1.595253368,1<x<603,21<x<39,0<x<24,0<x<52083,11<x<23,0<x<24,0<x<4,0<x<24,0<x<2,NO
246,0.457431884,0.336295473,603<x<1206,x<39,0<x<24,52083<x<104166,0<x<11,0<x<24,8<x<12,x>73,2<x<4,NO
247,0.99200034,0.408871921,1<x<603,39<x<57,0<x<24,0<x<52083,11<x<23,x>73,0<x<4,x>73,x>6,NO
248,0.228591229,0.325581395,x>1809,x>75,0<x<24,0<x<52083,23<x<34,0<x<24,4<x<8,0<x<24,0<x<2,NO
249,0.132205488,0.107851172,1206<x<1809,x>75,0<x<24,0<x<52083,23<x<34,x>73,4<x<8,0<x<24,2<x<4,NO
250,0.827708197,0.465322965,1206<x<1809,21<x<39,0<x<24,0<x<52083,0<x<11,x<24,4<x<8,0<x<24,2<x<4,NO
251,0.251284106,0.309335963,x>1809,21<x<39,0<x<24,0<x<52083,0<x<11,0<x<24,0<x<4,x<24,x>6,NO
252,0.483301113,0.291809152,1<x<603,x>75,x<24,0<x<52083,11<x<23,0<x<24,4<x<8,x<24,4<x<6,NO
253,1.095083357,0.092744951,1206<x<1809,x>75,0<x<24,0<x<52083,11<x<23,0<x<24,8<x<12,0<x<24,x<2,NO
254,0.835311508,0.332016389,x>1809,57<x<75,0<x<24,0<x<52083,0<x<11,0<x<24,0<x<4,0<x<24,0<x<2,NO
255,1.0,0.626305265,603<x<1206,21<x<39,x<24,0<x<52083,11<x<23,0<x<24,x>12,0<x<24,4<x<6,NO
256,0.166284079,0.410051107,603<x<1206,x<39,x<24,0<x<52083,11<x<23,x>73,0<x<4,0<x<24,0<x<2,NO
257,0.8399075420000001,0.441868921,1<x<603,x>75,x>73,0<x<52083,23<x<34,x<24,4<x<8,x>73,x<2,NO
258,0.025362648,0.332016389,1<x<603,57<x<75,0<x<24,0<x<52083,0<x<11,0<x<24,4<x<8,x<24,x<2,NO
259,0.0,0.278077082,1206<x<1809,21<x<39,0<x<24,0<x<52083,23<x<34,0<x<24,4<x<8,0<x<24,x<2,NO
260,0.160558857,0.313303063,603<x<1206,39<x<57,0<x<24,0<x<52083,23<x<34,x>73,4<x<8,0<x<24,x<2,NO
261,0.05924195,0.701766078,1<x<603,57<x<75,0<x<24,0<x<52083,23<x<34,0<x<24,8<x<12,0<x<24,4<x<6,NO
262,0.7661266090000001,0.181311286,603<x<1206,x<39,0<x<24,0<x<52083,11<x<23,0<x<24,4<x<8,0<x<24,0<x<2,NO
263,0.034247393,0.33855941799999995,1<x<603,57<x<75,0<x<24,0<x<52083,23<x<34,0<x<24,0<x<4,0<x<24,4<x<6,NO
264,0.682708972,0.534155364,603<x<1206,39<x<57,0<x<24,0<x<52083,0<x<11,0<x<24,0<x<4,x>73,4<x<6,NO
265,0.4433792070000001,0.73225917,603<x<1206,x>75,x<24,0<x<52083,0<x<11,x<24,0<x<4,0<x<24,4<x<6,NO
266,0.12724513,0.7506807870000001,603<x<1206,21<x<39,0<x<24,0<x<52083,0<x<11,0<x<24,x>12,0<x<24,4<x<6,NO
267,0.295125487,0.747375437,603<x<1206,39<x<57,0<x<24,0<x<52083,11<x<23,0<x<24,x<4,0<x<24,x>6,NO
268,0.1031864,0.128716003,1206<x<1809,21<x<39,0<x<24,0<x<52083,11<x<23,x>73,0<x<4,0<x<24,x<2,NO
269,0.882164926,272.0,x>1809,21<x<39,0<x<24,0<x<52083,11<x<23,x>73,x>12,0<x<24,x>6,NO
270,0.836666107,0.15028584,603<x<1206,x>75,0<x<24,0<x<52083,0<x<11,0<x<24,0<x<4,0<x<24,4<x<6,NO
271,0.128049492,0.434346035,603<x<1206,x>75,0<x<24,0<x<52083,23<x<34,x<24,0<x<4,0<x<24,0<x<2,NO
272,0.173428408,0.216280839,603<x<1206,x>75,0<x<24,0<x<52083,0<x<11,0<x<24,4<x<8,0<x<24,4<x<6,NO
273,0.48166997,0.0076175969999999985,1206<x<1809,57<x<75,x<24,0<x<52083,0<x<11,x<24,8<x<12,x>73,x>6,NO
274,0.947700354,0.375606969,1206<x<1809,57<x<75,0<x<24,0<x<52083,23<x<34,0<x<24,4<x<8,0<x<24,0<x<2,NO
275,0.507497501,0.216252033,1206<x<1809,x<39,0<x<24,0<x<52083,23<x<34,0<x<24,0<x<4,0<x<24,x>6,NO
276,0.506995336,0.006731051,x>1809,39<x<57,0<x<24,0<x<52083,11<x<23,0<x<24,4<x<8,0<x<24,0<x<2,NO
277,0.928188347,0.6857035509999999,1206<x<1809,39<x<57,0<x<24,0<x<52083,11<x<23,0<x<24,x<4,x>73,0<x<2,NO
278,0.122295933,0.5048870910000001,603<x<1206,x<39,0<x<24,0<x<52083,11<x<23,0<x<24,4<x<8,x>73,4<x<6,NO
279,0.065630892,0.326036484,1<x<603,39<x<57,0<x<24,0<x<52083,11<x<23,0<x<24,x<4,0<x<24,x>6,NO
280,0.14185399099999998,0.282830201,1206<x<1809,21<x<39,0<x<24,0<x<52083,x<11,0<x<24,0<x<4,0<x<24,4<x<6,NO
281,0.385384551,0.8524295140000001,x>1809,x>75,0<x<24,0<x<52083,0<x<11,0<x<24,x<4,x>73,0<x<2,NO
282,0.101740388,0.679738562,1206<x<1809,x>75,0<x<24,0<x<52083,0<x<11,0<x<24,x<4,x<24,0<x<2,NO
283,0.16653274,0.408706353,x>1809,x>75,x>73,0<x<52083,11<x<23,0<x<24,8<x<12,0<x<24,4<x<6,NO
284,0.353155374,0.326134773,603<x<1206,57<x<75,0<x<24,0<x<52083,11<x<23,0<x<24,x>12,0<x<24,x>6,NO
285,0.947264856,2.496503497,1206<x<1809,39<x<57,x<24,0<x<52083,23<x<34,0<x<24,0<x<4,0<x<24,0<x<2,NO
286,0.155240525,0.180969958,1206<x<1809,x<39,0<x<24,0<x<52083,11<x<23,x>73,4<x<8,0<x<24,4<x<6,NO
287,0.475252475,0.315983758,603<x<1206,21<x<39,0<x<24,0<x<52083,0<x<11,0<x<24,0<x<4,0<x<24,2<x<4,NO
288,0.002197706,0.248972297,603<x<1206,57<x<75,0<x<24,0<x<52083,0<x<11,0<x<24,4<x<8,0<x<24,x<2,NO
289,0.888008615,0.150462384,1206<x<1809,57<x<75,0<x<24,0<x<52083,23<x<34,0<x<24,4<x<8,0<x<24,x>6,NO
290,0.231979494,0.4925,1206<x<1809,21<x<39,0<x<24,0<x<52083,0<x<11,0<x<24,x>12,x>73,4<x<6,NO
291,0.011073664,0.4577349570000001,x>1809,x>75,0<x<24,0<x<52083,11<x<23,0<x<24,0<x<4,0<x<24,2<x<4,NO
292,0.101740388,0.104809516,1<x<603,57<x<75,x<24,0<x<52083,0<x<11,0<x<24,x>12,0<x<24,2<x<4,NO
293,0.405557616,0.291709578,1206<x<1809,21<x<39,0<x<24,0<x<52083,11<x<23,0<x<24,0<x<4,0<x<24,4<x<6,NO
294,0.760016551,1.41586138,x>1809,57<x<75,0<x<24,0<x<52083,11<x<23,0<x<24,4<x<8,0<x<24,2<x<4,NO
295,0.012682366,0.005319149,603<x<1206,39<x<57,0<x<24,0<x<52083,0<x<11,0<x<24,8<x<12,0<x<24,0<x<2,NO
296,0.352920416,0.524502525,1206<x<1809,57<x<75,0<x<24,0<x<52083,23<x<34,x<24,x<4,0<x<24,x>6,NO
297,0.160558857,0.010791367,1206<x<1809,39<x<57,x<24,0<x<52083,23<x<34,0<x<24,0<x<4,0<x<24,0<x<2,NO
298,0.185087574,2591.0,1206<x<1809,21<x<39,x>73,0<x<52083,11<x<23,x>73,8<x<12,0<x<24,0<x<2,NO
299,0.008407096,0.534155364,x>1809,x>75,0<x<24,0<x<52083,11<x<23,0<x<24,0<x<4,x>73,2<x<4,NO
300,0.009985653,0.39184953,1<x<603,57<x<75,0<x<24,0<x<52083,11<x<23,0<x<24,4<x<8,0<x<24,x>6,NO
301,0.987367106,0.15797684,603<x<1206,21<x<39,0<x<24,0<x<52083,x>34,0<x<24,4<x<8,0<x<24,4<x<6,NO
302,0.133613717,0.282181539,1206<x<1809,x>75,0<x<24,0<x<52083,23<x<34,x>73,x<4,0<x<24,x<2,NO
303,0.087910156,0.44555542,1206<x<1809,39<x<57,0<x<24,0<x<52083,23<x<34,0<x<24,8<x<12,0<x<24,4<x<6,NO
304,0.029692431,0.723310676,1206<x<1809,39<x<57,0<x<24,0<x<52083,11<x<23,0<x<24,4<x<8,0<x<24,0<x<2,NO
305,0.051368557,0.536238585,603<x<1206,57<x<75,0<x<24,0<x<52083,11<x<23,0<x<24,4<x<8,0<x<24,4<x<6,NO
306,0.019760608,0.148162041,1206<x<1809,x>75,x>73,0<x<52083,11<x<23,0<x<24,4<x<8,0<x<24,x<2,NO
307,0.882164926,0.154187958,603<x<1206,21<x<39,0<x<24,0<x<52083,11<x<23,0<x<24,x<4,x>73,4<x<6,NO
308,0.696495633,0.492424242,x>1809,x>75,0<x<24,0<x<52083,0<x<11,0<x<24,0<x<4,x<24,0<x<2,NO
309,0.0,0.437743191,1206<x<1809,57<x<75,0<x<24,0<x<52083,23<x<34,0<x<24,0<x<4,x<24,x<2,NO
310,0.680631937,0.327737096,603<x<1206,57<x<75,x<24,52083<x<104166,11<x<23,0<x<24,4<x<8,0<x<24,x>6,NO
311,1.000782541,0.198811453,1<x<603,39<x<57,0<x<24,0<x<52083,23<x<34,0<x<24,4<x<8,0<x<24,2<x<4,NO
312,0.343209383,0.691654173,x>1809,x>75,x<24,0<x<52083,23<x<34,0<x<24,0<x<4,0<x<24,0<x<2,NO
313,0.761406354,0.009748781,1206<x<1809,21<x<39,x<24,0<x<52083,x<11,0<x<24,4<x<8,x>73,0<x<2,NO
314,0.492643999,0.053521541,603<x<1206,21<x<39,0<x<24,0<x<52083,0<x<11,0<x<24,4<x<8,x>73,x<2,NO
315,0.107365293,0.372513562,1<x<603,21<x<39,0<x<24,0<x<52083,0<x<11,0<x<24,4<x<8,0<x<24,x>6,NO
316,0.026599391,0.432119554,x>1809,57<x<75,0<x<24,0<x<52083,11<x<23,0<x<24,4<x<8,0<x<24,4<x<6,NO
317,1.624465065,0.520623969,1206<x<1809,x>75,0<x<24,0<x<52083,11<x<23,0<x<24,4<x<8,0<x<24,0<x<2,NO
318,1.083405734,0.088447653,1<x<603,21<x<39,0<x<24,0<x<52083,11<x<23,0<x<24,8<x<12,x>73,0<x<2,NO
319,0.283821988,0.025911708,1206<x<1809,57<x<75,0<x<24,0<x<52083,0<x<11,x<24,0<x<4,x>73,2<x<4,NO
320,0.7003310509999999,0.177809902,x<603,39<x<57,0<x<24,0<x<52083,0<x<11,0<x<24,x>12,0<x<24,4<x<6,NO
321,0.702381432,0.492529978,603<x<1206,x>75,x>73,0<x<52083,11<x<23,0<x<24,8<x<12,0<x<24,2<x<4,NO
322,0.004570993,0.653881071,603<x<1206,57<x<75,0<x<24,0<x<52083,0<x<11,0<x<24,x<4,x>73,2<x<4,NO
323,0.901509849,0.10875,1<x<603,39<x<57,0<x<24,0<x<52083,11<x<23,0<x<24,0<x<4,x>73,x<2,NO
324,0.04656027,0.673983917,x>1809,39<x<57,0<x<24,0<x<52083,0<x<11,0<x<24,0<x<4,0<x<24,0<x<2,NO
325,0.006796192,0.536807899,1<x<603,39<x<57,0<x<24,0<x<52083,0<x<11,0<x<24,0<x<4,0<x<24,2<x<4,NO
326,0.061214562,0.263151915,1206<x<1809,39<x<57,0<x<24,0<x<52083,11<x<23,0<x<24,4<x<8,x>73,x>6,NO
327,0.006631879,0.117666022,1<x<603,57<x<75,0<x<24,0<x<52083,11<x<23,0<x<24,x>12,0<x<24,x<2,NO
328,0.18197221,0.129642134,x>1809,39<x<57,0<x<24,0<x<52083,23<x<34,0<x<24,4<x<8,0<x<24,2<x<4,NO
329,0.324715615,0.306846806,x>1809,x>75,x<24,0<x<52083,23<x<34,0<x<24,4<x<8,0<x<24,0<x<2,NO
330,0.098407733,0.122324159,1<x<603,x<39,0<x<24,0<x<52083,11<x<23,x>73,0<x<4,0<x<24,2<x<4,NO
331,0.48585301,0.450440529,1<x<603,21<x<39,0<x<24,0<x<52083,0<x<11,0<x<24,4<x<8,0<x<24,2<x<4,NO
332,0.132240176,0.41905226,x>1809,21<x<39,x>73,0<x<52083,11<x<23,0<x<24,4<x<8,x<24,x<2,NO
333,0.121532709,6.094452774,x>1809,39<x<57,x<24,0<x<52083,0<x<11,0<x<24,0<x<4,0<x<24,x<2,NO
334,0.228493987,0.093442906,1206<x<1809,57<x<75,x>73,0<x<52083,x<11,0<x<24,4<x<8,0<x<24,x<2,NO
335,0.090761837,0.180116959,x>1809,57<x<75,x<24,0<x<52083,11<x<23,0<x<24,0<x<4,x>73,2<x<4,NO
336,0.114830941,0.376905611,x>1809,21<x<39,0<x<24,0<x<52083,0<x<11,0<x<24,0<x<4,0<x<24,4<x<6,NO
337,0.152250785,0.171856978,603<x<1206,21<x<39,0<x<24,0<x<52083,11<x<23,0<x<24,8<x<12,0<x<24,2<x<4,NO
338,0.018796023,0.099590041,x>1809,39<x<57,0<x<24,0<x<52083,0<x<11,0<x<24,x<4,0<x<24,x<2,NO
339,0.040283239,15466.0,1<x<603,57<x<75,0<x<24,0<x<52083,11<x<23,0<x<24,4<x<8,0<x<24,x>6,NO
340,0.021639523,0.407318536,1206<x<1809,21<x<39,0<x<24,0<x<52083,23<x<34,0<x<24,4<x<8,0<x<24,2<x<4,NO
341,0.080634898,0.005982291999999999,1<x<603,57<x<75,0<x<24,0<x<52083,23<x<34,x<24,4<x<8,0<x<24,2<x<4,NO
342,1.624465065,0.785229953,1206<x<1809,x>75,0<x<24,0<x<52083,11<x<23,0<x<24,0<x<4,x<24,2<x<4,NO
343,0.265081365,0.27112148,x>1809,x>75,0<x<24,0<x<52083,11<x<23,0<x<24,4<x<8,0<x<24,0<x<2,NO
344,0.391214634,0.151979736,603<x<1206,57<x<75,0<x<24,0<x<52083,11<x<23,x<24,x>12,0<x<24,x>6,NO
345,0.160060865,0.56071964,603<x<1206,39<x<57,0<x<24,0<x<52083,11<x<23,x<24,x>12,x>73,x<2,NO
346,0.5474445920000001,0.566105156,603<x<1206,21<x<39,0<x<24,0<x<52083,23<x<34,0<x<24,4<x<8,x>73,4<x<6,NO
347,0.478720045,0.353206239,x>1809,39<x<57,0<x<24,0<x<52083,23<x<34,0<x<24,8<x<12,0<x<24,2<x<4,NO
348,0.428382755,0.28354329100000003,1206<x<1809,21<x<39,0<x<24,0<x<52083,23<x<34,0<x<24,0<x<4,0<x<24,2<x<4,NO
349,0.004680652,0.181233062,x>1809,x>75,0<x<24,0<x<52083,0<x<11,0<x<24,8<x<12,x>73,0<x<2,NO
350,0.006631879,0.213268706,x>1809,21<x<39,0<x<24,0<x<52083,0<x<11,x<24,4<x<8,0<x<24,2<x<4,NO
351,0.3923591320000001,1.052171197,x>1809,21<x<39,x>73,0<x<52083,11<x<23,0<x<24,4<x<8,0<x<24,0<x<2,NO
352,0.00054943,0.27112148,x>1809,21<x<39,x>73,0<x<52083,11<x<23,x>73,0<x<4,x<24,4<x<6,NO
353,0.008247756,0.041959578,x>1809,x>75,0<x<24,0<x<52083,0<x<11,0<x<24,4<x<8,0<x<24,x>6,NO
354,0.030132005,0.216678332,603<x<1206,x>75,0<x<24,0<x<52083,0<x<11,x>73,4<x<8,0<x<24,x>6,NO
355,0.036347783,0.416379181,603<x<1206,57<x<75,0<x<24,0<x<52083,11<x<23,x>73,0<x<4,0<x<24,x>6,NO
356,0.905403469,0.26296215300000003,1<x<603,21<x<39,0<x<24,0<x<52083,11<x<23,x>73,8<x<12,0<x<24,x>6,NO
357,0.113400284,0.368063194,1<x<603,39<x<57,x<24,0<x<52083,x>34,0<x<24,x>12,0<x<24,x>6,NO
358,0.028592856,0.152938343,x>1809,21<x<39,x<24,0<x<52083,0<x<11,0<x<24,0<x<4,0<x<24,0<x<2,NO
359,0.344317885,0.679738562,1206<x<1809,57<x<75,0<x<24,0<x<52083,11<x<23,0<x<24,4<x<8,x<24,4<x<6,NO
360,0.986400389,0.5873616770000001,1<x<603,x>75,x>73,0<x<52083,23<x<34,x>73,x<4,0<x<24,2<x<4,NO
361,0.106091621,0.255676759,1<x<603,39<x<57,0<x<24,0<x<52083,23<x<34,0<x<24,0<x<4,0<x<24,4<x<6,NO
362,0.84293979,0.00235248,603<x<1206,57<x<75,0<x<24,0<x<52083,0<x<11,0<x<24,4<x<8,0<x<24,4<x<6,NO
363,0.08563399099999999,0.121859768,1<x<603,39<x<57,0<x<24,0<x<52083,23<x<34,0<x<24,0<x<4,0<x<24,0<x<2,NO
364,0.353155374,0.759585388,1206<x<1809,39<x<57,0<x<24,0<x<52083,11<x<23,0<x<24,0<x<4,0<x<24,x<2,NO
365,0.042534081,0.508774298,603<x<1206,39<x<57,0<x<24,0<x<52083,23<x<34,0<x<24,x>12,x>73,x>6,NO
366,0.022135842000000003,0.2226598,1<x<603,57<x<75,0<x<24,0<x<52083,23<x<34,x>73,0<x<4,x>73,0<x<2,NO
367,0.043752272,0.715381932,x>1809,57<x<75,0<x<24,0<x<52083,0<x<11,0<x<24,x>12,0<x<24,4<x<6,NO
368,0.972037284,1.065901518,603<x<1206,39<x<57,0<x<24,0<x<52083,23<x<34,x<24,4<x<8,x<24,x>6,NO
369,0.027882592,0.13407134099999998,x>1809,57<x<75,0<x<24,0<x<52083,11<x<23,0<x<24,8<x<12,x>73,2<x<4,NO
370,0.999578992,0.400887929,x>1809,x>75,0<x<24,0<x<52083,11<x<23,0<x<24,0<x<4,0<x<24,x<2,NO
371,0.8663444709999999,0.010927876,1<x<603,39<x<57,0<x<24,0<x<52083,0<x<11,0<x<24,4<x<8,0<x<24,x>6,NO
372,1.089825848,0.068227425,603<x<1206,x>75,0<x<24,0<x<52083,0<x<11,0<x<24,x>12,x<24,4<x<6,NO
373,0.444837661,0.398802203,603<x<1206,39<x<57,0<x<24,0<x<52083,0<x<11,x<24,0<x<4,x<24,4<x<6,NO
374,0.121557062,0.089091313,1<x<603,57<x<75,0<x<24,0<x<52083,x>34,0<x<24,4<x<8,x<24,2<x<4,NO
375,0.128557943,0.481544577,603<x<1206,57<x<75,0<x<24,0<x<52083,0<x<11,0<x<24,x<4,0<x<24,x>6,NO
376,0.547887778,0.053521541,1206<x<1809,39<x<57,0<x<24,0<x<52083,23<x<34,0<x<24,4<x<8,0<x<24,2<x<4,NO
377,0.04719764,0.36909013,603<x<1206,39<x<57,0<x<24,0<x<52083,11<x<23,0<x<24,0<x<4,0<x<24,0<x<2,NO
378,0.123218186,0.17480229100000005,1206<x<1809,57<x<75,0<x<24,0<x<52083,23<x<34,x>73,x>12,0<x<24,0<x<2,NO
379,0.084589254,0.196592119,1<x<603,57<x<75,0<x<24,0<x<52083,11<x<23,0<x<24,0<x<4,0<x<24,2<x<4,NO
380,0.788340389,0.263461966,x>1809,57<x<75,0<x<24,0<x<52083,23<x<34,0<x<24,4<x<8,0<x<24,4<x<6,NO
381,0.108642811,219.0,1206<x<1809,39<x<57,0<x<24,0<x<52083,11<x<23,0<x<24,0<x<4,0<x<24,x>6,NO
382,0.392994586,0.08951092,603<x<1206,21<x<39,0<x<24,0<x<52083,23<x<34,0<x<24,8<x<12,0<x<24,4<x<6,NO
383,0.507972665,0.009059669,1<x<603,21<x<39,0<x<24,0<x<52083,0<x<11,0<x<24,0<x<4,0<x<24,2<x<4,NO
384,0.175434349,0.049700447,603<x<1206,57<x<75,x>73,0<x<52083,11<x<23,0<x<24,8<x<12,0<x<24,x<2,NO
385,0.714013618,0.274721224,603<x<1206,21<x<39,x<24,0<x<52083,0<x<11,x>73,0<x<4,0<x<24,x>6,NO
386,0.041193578,0.244503664,1<x<603,21<x<39,0<x<24,0<x<52083,11<x<23,x<24,x>12,0<x<24,x<2,NO
387,0.868530692,0.245255651,603<x<1206,21<x<39,0<x<24,0<x<52083,23<x<34,0<x<24,4<x<8,x>73,4<x<6,NO
388,0.003503268,0.363573148,x>1809,x>75,x>73,0<x<52083,11<x<23,0<x<24,0<x<4,x>73,x<2,NO
389,0.335445712,0.429533892,1206<x<1809,57<x<75,0<x<24,0<x<52083,11<x<23,0<x<24,4<x<8,x>73,0<x<2,NO
390,0.181442474,0.188281635,1<x<603,x>75,x>73,0<x<52083,23<x<34,0<x<24,0<x<4,0<x<24,0<x<2,NO
391,0.463684544,0.194618671,1206<x<1809,x>75,0<x<24,0<x<52083,x<11,0<x<24,x>12,x>73,4<x<6,NO
392,0.06740074900000001,0.001587582,1206<x<1809,x>75,0<x<24,0<x<52083,x<11,0<x<24,4<x<8,0<x<24,2<x<4,NO
393,0.754463648,0.055347259,603<x<1206,x>75,0<x<24,0<x<52083,23<x<34,0<x<24,0<x<4,0<x<24,x>6,NO
394,0.04564894,0.01343785,1206<x<1809,21<x<39,0<x<24,0<x<52083,0<x<11,0<x<24,x>12,x<24,4<x<6,NO
395,0.048358886,0.345825195,1206<x<1809,21<x<39,0<x<24,0<x<52083,11<x<23,0<x<24,x<4,0<x<24,2<x<4,NO
396,0.05101939,0.42893401,x>1809,21<x<39,0<x<24,0<x<52083,23<x<34,0<x<24,4<x<8,0<x<24,x<2,NO
397,0.387065977,0.400518403,x>1809,39<x<57,0<x<24,0<x<52083,11<x<23,0<x<24,x>12,x>73,4<x<6,NO
398,0.6669486960000001,0.352214765,x>1809,39<x<57,0<x<24,0<x<52083,x<11,0<x<24,4<x<8,x<24,x>6,NO
399,0.904559865,0.01371298,1<x<603,39<x<57,0<x<24,0<x<52083,11<x<23,0<x<24,0<x<4,x>73,x<2,NO
400,0.423639586,0.25857662800000003,1<x<603,x>75,0<x<24,0<x<52083,0<x<11,x>73,0<x<4,0<x<24,4<x<6,NO
401,0.6715172759999999,0.129642134,603<x<1206,x>75,x>73,0<x<52083,11<x<23,0<x<24,x>12,0<x<24,x>6,NO
402,0.180280146,0.480057771,1<x<603,57<x<75,0<x<24,0<x<52083,11<x<23,0<x<24,8<x<12,0<x<24,4<x<6,NO
403,0.062146416,1.566520924,x>1809,39<x<57,0<x<24,0<x<52083,23<x<34,x<24,8<x<12,0<x<24,0<x<2,NO
404,0.884176675,0.413894505,x>1809,21<x<39,0<x<24,0<x<52083,23<x<34,x>73,0<x<4,0<x<24,x<2,NO
405,0.976531824,0.361514127,x>1809,21<x<39,0<x<24,0<x<52083,11<x<23,0<x<24,4<x<8,0<x<24,x>6,NO
406,0.087182563,0.8439450690000001,x>1809,x>75,0<x<24,0<x<52083,0<x<11,0<x<24,x<4,0<x<24,x>6,NO
407,0.210442588,0.5374855820000001,1206<x<1809,21<x<39,0<x<24,0<x<52083,0<x<11,0<x<24,x>12,0<x<24,x>6,NO
408,0.033458036000000003,0.385322935,1<x<603,x>75,0<x<24,0<x<52083,0<x<11,0<x<24,4<x<8,x>73,2<x<4,NO
409,0.005333172,0.475841386,603<x<1206,21<x<39,0<x<24,0<x<52083,x<11,0<x<24,x>12,x>73,0<x<2,NO
410,0.93549709,0.298644545,603<x<1206,39<x<57,0<x<24,0<x<52083,0<x<11,0<x<24,4<x<8,0<x<24,x>6,NO
411,0.000171917,0.32073113600000003,1206<x<1809,21<x<39,0<x<24,0<x<52083,11<x<23,x>73,8<x<12,0<x<24,4<x<6,NO
412,0.129652994,0.4579306420000001,1206<x<1809,57<x<75,0<x<24,0<x<52083,0<x<11,0<x<24,x<4,0<x<24,4<x<6,NO
413,0.251354973,0.41393079,603<x<1206,39<x<57,0<x<24,0<x<52083,11<x<23,0<x<24,x>12,x>73,4<x<6,NO
414,0.335445712,0.434792268,1206<x<1809,21<x<39,0<x<24,0<x<52083,23<x<34,0<x<24,4<x<8,0<x<24,4<x<6,NO
415,0.049796097,0.094140517,x>1809,x>75,x>73,0<x<52083,0<x<11,0<x<24,4<x<8,0<x<24,x<2,NO
416,0.010887967,0.361421689,603<x<1206,x<39,x>73,0<x<52083,11<x<23,0<x<24,4<x<8,0<x<24,0<x<2,NO
417,0.403427913,0.284428893,603<x<1206,57<x<75,0<x<24,0<x<52083,11<x<23,x>73,0<x<4,x>73,0<x<2,NO
418,0.602746575,1.225011008,603<x<1206,57<x<75,0<x<24,0<x<52083,23<x<34,0<x<24,x>12,0<x<24,0<x<2,NO
419,0.7003310509999999,0.563752087,x>1809,x>75,0<x<24,0<x<52083,11<x<23,0<x<24,0<x<4,x>73,4<x<6,NO
420,0.180972181,0.295863593,603<x<1206,57<x<75,x<24,0<x<52083,11<x<23,0<x<24,4<x<8,x<24,0<x<2,NO
421,0.07083751,0.643547189,x>1809,39<x<57,0<x<24,0<x<52083,0<x<11,0<x<24,0<x<4,0<x<24,2<x<4,NO
422,0.55986436,0.313816494,x>1809,57<x<75,0<x<24,0<x<52083,23<x<34,x<24,4<x<8,x<24,x>6,NO
423,0.008632035,0.35035956,1<x<603,39<x<57,0<x<24,0<x<52083,23<x<34,0<x<24,8<x<12,x>73,x<2,NO
424,1.048210842,0.16106176,1206<x<1809,21<x<39,0<x<24,0<x<52083,11<x<23,0<x<24,0<x<4,0<x<24,0<x<2,NO
425,0.078958502,0.4502889020000001,603<x<1206,x>75,x<24,0<x<52083,11<x<23,0<x<24,4<x<8,0<x<24,x>6,NO
426,0.162704663,0.536807899,x>1809,x>75,0<x<24,0<x<52083,11<x<23,0<x<24,x<4,0<x<24,0<x<2,NO
427,0.245930854,0.229139073,1206<x<1809,39<x<57,x<24,0<x<52083,11<x<23,0<x<24,4<x<8,0<x<24,x>6,NO
428,0.03167801,0.012387188,603<x<1206,39<x<57,0<x<24,0<x<52083,23<x<34,0<x<24,x>12,0<x<24,0<x<2,NO
429,0.02374947,0.29563096,1<x<603,39<x<57,x>73,0<x<52083,23<x<34,0<x<24,x<4,0<x<24,x<2,NO
430,0.074256375,0.310935893,1<x<603,21<x<39,0<x<24,0<x<52083,23<x<34,0<x<24,x<4,0<x<24,0<x<2,NO
431,0.012586354,0.332280979,1206<x<1809,x>75,0<x<24,0<x<52083,23<x<34,x<24,0<x<4,0<x<24,2<x<4,NO
432,0.03157211,0.504614675,1206<x<1809,x>75,0<x<24,0<x<52083,11<x<23,0<x<24,0<x<4,0<x<24,0<x<2,NO
433,0.7085903509999999,0.228999349,x>1809,x>75,0<x<24,0<x<52083,23<x<34,0<x<24,8<x<12,0<x<24,0<x<2,NO
434,0.085152475,0.645104381,1206<x<1809,39<x<57,0<x<24,0<x<52083,23<x<34,0<x<24,x<4,0<x<24,x>6,NO
435,0.105642895,0.198811453,603<x<1206,x>75,0<x<24,0<x<52083,11<x<23,x>73,0<x<4,0<x<24,0<x<2,NO
436,0.173428408,0.222768316,x>1809,57<x<75,0<x<24,0<x<52083,11<x<23,x<24,0<x<4,0<x<24,x>6,NO
437,0.122544324,0.024303074,1206<x<1809,21<x<39,0<x<24,0<x<52083,23<x<34,0<x<24,0<x<4,x<24,x>6,NO
438,0.487720982,0.205958808,x>1809,57<x<75,x<24,0<x<52083,11<x<23,0<x<24,x>12,0<x<24,0<x<2,NO
439,0.155240525,0.08405999300000001,x>1809,57<x<75,0<x<24,0<x<52083,23<x<34,0<x<24,0<x<4,0<x<24,x>6,NO
440,0.688665867,0.2706115,1<x<603,57<x<75,0<x<24,0<x<52083,11<x<23,0<x<24,4<x<8,0<x<24,x<2,NO
441,0.163037489,0.4579306420000001,x>1809,21<x<39,0<x<24,0<x<52083,23<x<34,x>73,0<x<4,x>73,2<x<4,NO
442,0.041411471,0.8488191690000001,603<x<1206,x>75,0<x<24,0<x<52083,0<x<11,0<x<24,4<x<8,0<x<24,0<x<2,NO
443,0.288011315,0.61966257,603<x<1206,x>75,0<x<24,0<x<52083,11<x<23,0<x<24,x>12,0<x<24,2<x<4,NO
444,0.958820874,0.881825173,1206<x<1809,39<x<57,0<x<24,0<x<52083,23<x<34,0<x<24,4<x<8,0<x<24,2<x<4,NO
445,0.250713314,0.25974805,x>1809,57<x<75,0<x<24,0<x<52083,23<x<34,0<x<24,0<x<4,0<x<24,x>6,NO
446,0.096737158,0.323088235,603<x<1206,39<x<57,x<24,0<x<52083,11<x<23,0<x<24,0<x<4,0<x<24,0<x<2,NO
447,0.612030682,0.000268637,x>1809,x>75,x>73,0<x<52083,0<x<11,0<x<24,4<x<8,0<x<24,x>6,NO
448,0.009917446,0.453692681,1206<x<1809,21<x<39,0<x<24,0<x<52083,23<x<34,x<24,4<x<8,0<x<24,4<x<6,NO
449,0.363636364,0.35906303,1206<x<1809,21<x<39,0<x<24,0<x<52083,0<x<11,0<x<24,4<x<8,0<x<24,0<x<2,NO
450,0.444837661,0.644706486,1206<x<1809,57<x<75,0<x<24,0<x<52083,11<x<23,x>73,4<x<8,0<x<24,2<x<4,NO
451,0.431904058,0.450358041,x>1809,57<x<75,0<x<24,0<x<52083,x<11,0<x<24,0<x<4,0<x<24,4<x<6,NO
452,0.046458026,0.594224361,x>1809,57<x<75,0<x<24,0<x<52083,0<x<11,x<24,0<x<4,x>73,x>6,NO
453,0.23063852,0.398802203,x>1809,21<x<39,0<x<24,0<x<52083,0<x<11,x<24,4<x<8,0<x<24,4<x<6,NO
454,0.019883105,0.275938947,603<x<1206,39<x<57,0<x<24,0<x<52083,0<x<11,0<x<24,4<x<8,x<24,4<x<6,NO
455,0.234746034,0.322921627,1206<x<1809,57<x<75,0<x<24,0<x<52083,11<x<23,0<x<24,0<x<4,0<x<24,x>6,NO
456,0.412657703,0.362135177,1<x<603,57<x<75,0<x<24,0<x<52083,23<x<34,x>73,x>12,0<x<24,x>6,NO
457,0.983728498,0.228999349,1206<x<1809,57<x<75,0<x<24,0<x<52083,0<x<11,0<x<24,0<x<4,0<x<24,x>6,NO
458,0.831128732,0.426305809,x>1809,39<x<57,0<x<24,0<x<52083,x<11,0<x<24,x<4,0<x<24,4<x<6,NO
459,0.769773734,0.133743274,x>1809,57<x<75,0<x<24,0<x<52083,0<x<11,0<x<24,4<x<8,0<x<24,2<x<4,NO
460,0.09514671,0.00999001,1<x<603,57<x<75,0<x<24,0<x<52083,11<x<23,0<x<24,4<x<8,x<24,0<x<2,NO
461,0.036158699,0.335733141,603<x<1206,39<x<57,0<x<24,0<x<52083,0<x<11,0<x<24,x>12,0<x<24,2<x<4,NO
462,0.35880398700000005,0.424098921,1206<x<1809,x>75,0<x<24,0<x<52083,0<x<11,0<x<24,0<x<4,0<x<24,4<x<6,NO
463,0.232223932,0.301671614,603<x<1206,21<x<39,0<x<24,0<x<52083,11<x<23,0<x<24,4<x<8,0<x<24,x>6,NO
464,0.304490668,0.409908909,603<x<1206,57<x<75,0<x<24,0<x<52083,0<x<11,x>73,4<x<8,0<x<24,0<x<2,NO
465,0.08833659099999999,0.528550512,603<x<1206,x>75,0<x<24,0<x<52083,23<x<34,0<x<24,4<x<8,0<x<24,4<x<6,NO
466,0.20542621,0.280494456,1<x<603,57<x<75,0<x<24,0<x<52083,11<x<23,x>73,0<x<4,x>73,0<x<2,NO
467,0.533884028,0.534027778,603<x<1206,21<x<39,0<x<24,0<x<52083,11<x<23,0<x<24,4<x<8,x>73,0<x<2,NO
468,0.143187518,0.055185284,x>1809,21<x<39,0<x<24,0<x<52083,0<x<11,x>73,0<x<4,x<24,2<x<4,NO
469,0.277436128,0.215576215,1<x<603,x>75,0<x<24,0<x<52083,0<x<11,x<24,x<4,0<x<24,x<2,NO
470,0.08764940199999999,0.085512189,x>1809,x<39,0<x<24,0<x<52083,23<x<34,0<x<24,0<x<4,0<x<24,4<x<6,NO
471,0.471803323,0.321495069,603<x<1206,21<x<39,0<x<24,0<x<52083,x<11,0<x<24,x<4,x>73,0<x<2,NO
472,0.677963523,0.322921627,x>1809,39<x<57,0<x<24,0<x<52083,0<x<11,0<x<24,4<x<8,0<x<24,0<x<2,NO
473,0.138716898,0.519493502,x>1809,x>75,x>73,0<x<52083,23<x<34,x>73,4<x<8,0<x<24,4<x<6,NO
474,0.001925099,0.016135705,603<x<1206,57<x<75,0<x<24,0<x<52083,11<x<23,0<x<24,x<4,0<x<24,2<x<4,NO
475,0.067901335,0.462354974,x>1809,21<x<39,x>73,0<x<52083,23<x<34,0<x<24,0<x<4,x>73,2<x<4,NO
476,0.134191514,0.53418212,x>1809,21<x<39,0<x<24,0<x<52083,0<x<11,0<x<24,0<x<4,0<x<24,0<x<2,NO
477,0.011883886,0.254661625,1206<x<1809,x>75,0<x<24,0<x<52083,0<x<11,x>73,0<x<4,0<x<24,2<x<4,NO
478,0.665173572,0.5583203729999999,1<x<603,39<x<57,0<x<24,0<x<52083,11<x<23,0<x<24,x>12,x>73,0<x<2,NO
479,0.688665867,0.432119554,1<x<603,57<x<75,0<x<24,0<x<52083,0<x<11,0<x<24,8<x<12,0<x<24,x>6,NO
480,0.232223932,0.051726629,1<x<603,21<x<39,0<x<24,0<x<52083,11<x<23,0<x<24,0<x<4,0<x<24,4<x<6,NO
481,0.088911089,0.248864668,1206<x<1809,39<x<57,x>73,0<x<52083,0<x<11,0<x<24,0<x<4,0<x<24,x>6,NO
482,0.002197706,0.040493251,x>1809,21<x<39,0<x<24,0<x<52083,11<x<23,x>73,x<4,0<x<24,2<x<4,NO
483,0.456195677,0.142385321,1<x<603,21<x<39,0<x<24,0<x<52083,0<x<11,0<x<24,0<x<4,x<24,4<x<6,NO
484,0.353103186,0.460246187,1206<x<1809,x>75,0<x<24,0<x<52083,x>34,0<x<24,0<x<4,0<x<24,2<x<4,NO
485,0.03929607,0.062791628,1<x<603,x>75,0<x<24,0<x<52083,23<x<34,0<x<24,4<x<8,0<x<24,0<x<2,NO
486,0.143187518,1759.0,603<x<1206,21<x<39,0<x<24,0<x<52083,11<x<23,0<x<24,4<x<8,x>73,x>6,NO
487,0.020212314,0.148870182,x>1809,57<x<75,0<x<24,0<x<52083,0<x<11,0<x<24,0<x<4,0<x<24,2<x<4,NO
488,0.041193578,0.002893975,1206<x<1809,39<x<57,0<x<24,0<x<52083,23<x<34,0<x<24,0<x<4,x<24,0<x<2,NO
489,0.088809584,0.010927876,603<x<1206,x>75,x>73,0<x<52083,11<x<23,0<x<24,0<x<4,0<x<24,2<x<4,NO
490,0.114680613,0.26287915300000003,1206<x<1809,x>75,0<x<24,0<x<52083,0<x<11,0<x<24,x<4,0<x<24,4<x<6,NO
491,0.003811909,0.427944404,1<x<603,x>75,0<x<24,0<x<52083,0<x<11,0<x<24,4<x<8,0<x<24,x>6,NO
492,0.089225616,0.020381451,1206<x<1809,57<x<75,0<x<24,0<x<52083,23<x<34,0<x<24,0<x<4,0<x<24,0<x<2,NO
493,0.017289927,0.617751115,x>1809,21<x<39,0<x<24,0<x<52083,0<x<11,0<x<24,4<x<8,0<x<24,x>6,NO
494,0.138347164,0.297139683,1206<x<1809,x>75,0<x<24,0<x<52083,0<x<11,0<x<24,x<4,x<24,4<x<6,NO
495,0.688665867,0.685146095,1206<x<1809,39<x<57,0<x<24,0<x<52083,23<x<34,0<x<24,4<x<8,0<x<24,0<x<2,NO
496,0.006631879,0.182363527,x>1809,21<x<39,0<x<24,0<x<52083,11<x<23,0<x<24,0<x<4,x<24,0<x<2,NO
497,0.039753447,0.145237897,603<x<1206,39<x<57,0<x<24,0<x<52083,23<x<34,x<24,0<x<4,x>73,2<x<4,NO
498,0.611257459,0.025398541,x>1809,57<x<75,0<x<24,0<x<52083,23<x<34,0<x<24,0<x<4,0<x<24,4<x<6,NO
499,0.078912031,0.17070563100000002,x>1809,39<x<57,0<x<24,0<x<52083,11<x<23,x>73,x<4,0<x<24,x>6,NO
500,0.120129329,0.280407101,x>1809,39<x<57,0<x<24,0<x<52083,11<x<23,0<x<24,0<x<4,x<24,x<2,NO
501,0.835311508,0.5374855820000001,1206<x<1809,21<x<39,0<x<24,0<x<52083,0<x<11,0<x<24,x>12,0<x<24,x<2,NO
502,0.125014705,0.199954034,x>1809,21<x<39,0<x<24,0<x<52083,11<x<23,0<x<24,0<x<4,0<x<24,0<x<2,NO
503,0.92778985,0.236595607,1<x<603,21<x<39,0<x<24,0<x<52083,23<x<34,0<x<24,4<x<8,0<x<24,2<x<4,NO
504,0.03839346,0.255290785,1206<x<1809,39<x<57,0<x<24,0<x<52083,11<x<23,x>73,4<x<8,0<x<24,x<2,NO
505,0.007353556,0.146763902,x>1809,21<x<39,0<x<24,0<x<52083,11<x<23,0<x<24,0<x<4,0<x<24,0<x<2,NO
506,0.087182563,0.480082158,1<x<603,x>75,0<x<24,0<x<52083,0<x<11,0<x<24,0<x<4,0<x<24,x>6,NO
507,0.275326535,0.3725408120000001,603<x<1206,x>75,0<x<24,0<x<52083,23<x<34,0<x<24,0<x<4,0<x<24,4<x<6,NO
508,0.864257488,0.249076288,1<x<603,57<x<75,0<x<24,0<x<52083,11<x<23,0<x<24,8<x<12,0<x<24,4<x<6,NO
509,0.181742064,0.365151154,1<x<603,39<x<57,0<x<24,0<x<52083,23<x<34,x>73,0<x<4,x>73,x>6,NO
510,0.001876594,0.963084409,1206<x<1809,39<x<57,0<x<24,0<x<52083,0<x<11,0<x<24,0<x<4,x>73,4<x<6,NO
511,2.258964143,0.00489951,1<x<603,39<x<57,0<x<24,0<x<52083,23<x<34,0<x<24,0<x<4,0<x<24,x<2,NO
512,0.012538557,0.241675832,x>1809,21<x<39,0<x<24,0<x<52083,23<x<34,0<x<24,4<x<8,0<x<24,x>6,NO
513,0.032188754,0.188960516,1206<x<1809,x>75,0<x<24,0<x<52083,0<x<11,x<24,8<x<12,0<x<24,0<x<2,NO
514,0.014083737,0.32407510300000003,1<x<603,x<39,0<x<24,0<x<52083,23<x<34,0<x<24,x<4,0<x<24,x<2,NO
515,0.030173038,0.420728964,1<x<603,57<x<75,x<24,0<x<52083,23<x<34,0<x<24,x>12,0<x<24,0<x<2,NO
516,0.277436128,1.094979352,1206<x<1809,21<x<39,0<x<24,0<x<52083,11<x<23,0<x<24,0<x<4,0<x<24,x<2,NO
517,0.022135842000000003,0.894878706,1206<x<1809,57<x<75,0<x<24,0<x<52083,0<x<11,0<x<24,4<x<8,0<x<24,0<x<2,NO
518,0.179110121,0.209961825,603<x<1206,39<x<57,0<x<24,0<x<52083,11<x<23,0<x<24,x>12,0<x<24,2<x<4,NO
519,0.123218186,0.533965245,603<x<1206,21<x<39,0<x<24,0<x<52083,x>34,x<24,x<4,x>73,2<x<4,NO
520,0.033203829,0.551779288,1<x<603,57<x<75,0<x<24,0<x<52083,11<x<23,0<x<24,4<x<8,0<x<24,0<x<2,NO
521,0.328303003,0.363039132,x>1809,57<x<75,0<x<24,0<x<52083,0<x<11,0<x<24,4<x<8,0<x<24,2<x<4,NO
522,0.8754406579999999,0.50764847,x>1809,39<x<57,0<x<24,0<x<52083,11<x<23,0<x<24,4<x<8,x>73,4<x<6,NO
523,0.002349883,0.37567161,1<x<603,x>75,x>73,0<x<52083,0<x<11,0<x<24,0<x<4,x>73,2<x<4,NO
524,1.624465065,0.00244798,x>1809,39<x<57,0<x<24,0<x<52083,0<x<11,0<x<24,0<x<4,0<x<24,2<x<4,NO
525,0.083426677,3162.0,x>1809,57<x<75,0<x<24,0<x<52083,23<x<34,0<x<24,8<x<12,x>73,2<x<4,NO
526,0.023248838,0.3118458,x>1809,21<x<39,x<24,0<x<52083,0<x<11,0<x<24,0<x<4,0<x<24,0<x<2,NO
527,0.019391297,0.785196922,1206<x<1809,39<x<57,0<x<24,0<x<52083,23<x<34,0<x<24,0<x<4,0<x<24,4<x<6,NO
528,0.025711593,8500.0,x>1809,57<x<75,0<x<24,x>156249,0<x<11,0<x<24,x<4,0<x<24,x>6,NO
529,0.003735788,0.157212981,x>1809,x>75,0<x<24,0<x<52083,11<x<23,0<x<24,0<x<4,0<x<24,2<x<4,NO
530,0.025892469,0.3829647470000001,x>1809,21<x<39,x<24,0<x<52083,0<x<11,x<24,x>12,0<x<24,2<x<4,NO
531,1.046279103,0.506873282,603<x<1206,39<x<57,0<x<24,0<x<52083,0<x<11,x<24,0<x<4,x>73,x<2,NO
532,0.143427862,0.7181719259999999,1<x<603,x>75,0<x<24,0<x<52083,0<x<11,0<x<24,4<x<8,x<24,2<x<4,NO
533,0.006838698000000001,0.31834083,1<x<603,21<x<39,x<24,x<52083,0<x<11,x<24,0<x<4,x<24,2<x<4,NO
534,0.149314411,0.149103029,x>1809,39<x<57,x<24,0<x<52083,0<x<11,0<x<24,0<x<4,x<24,x<2,NO
535,0.025655677,0.358153388,x>1809,57<x<75,0<x<24,0<x<52083,11<x<23,x>73,0<x<4,0<x<24,x>6,NO
536,0.84490946,0.42985336,603<x<1206,21<x<39,0<x<24,0<x<52083,23<x<34,0<x<24,4<x<8,x>73,0<x<2,NO
537,0.088809584,0.234654633,1206<x<1809,21<x<39,x<24,0<x<52083,0<x<11,0<x<24,8<x<12,0<x<24,x<2,NO
538,0.029164236,0.475841386,1<x<603,39<x<57,0<x<24,0<x<52083,23<x<34,0<x<24,x<4,0<x<24,x<2,NO
539,0.170351855,0.514534013,603<x<1206,x>75,0<x<24,0<x<52083,0<x<11,0<x<24,4<x<8,0<x<24,x<2,NO
540,0.8770764120000001,0.162335066,x>1809,x<39,x>73,0<x<52083,0<x<11,0<x<24,8<x<12,0<x<24,4<x<6,NO
541,0.554406315,0.195398574,603<x<1206,x>75,0<x<24,0<x<52083,0<x<11,0<x<24,0<x<4,0<x<24,2<x<4,NO
542,0.212464485,0.381654964,603<x<1206,39<x<57,0<x<24,0<x<52083,0<x<11,0<x<24,8<x<12,x>73,x>6,NO
543,0.03167801,0.428419088,1<x<603,57<x<75,0<x<24,0<x<52083,0<x<11,0<x<24,8<x<12,x>73,2<x<4,NO
544,0.13306279,0.180116959,603<x<1206,x<39,0<x<24,0<x<52083,11<x<23,x>73,0<x<4,x>73,0<x<2,NO
545,0.093331615,0.24042455,x>1809,57<x<75,0<x<24,0<x<52083,23<x<34,0<x<24,0<x<4,x>73,4<x<6,NO
546,0.016118843,0.463610776,603<x<1206,x>75,0<x<24,0<x<52083,23<x<34,0<x<24,4<x<8,0<x<24,4<x<6,NO
547,0.23063852,0.170164956,1206<x<1809,57<x<75,0<x<24,0<x<52083,11<x<23,0<x<24,0<x<4,x<24,2<x<4,NO
548,1.708044916,0.01332778,1206<x<1809,57<x<75,0<x<24,0<x<52083,23<x<34,0<x<24,0<x<4,0<x<24,4<x<6,NO
549,0.000263155,0.274952015,1<x<603,39<x<57,0<x<24,0<x<52083,x>34,0<x<24,0<x<4,0<x<24,0<x<2,NO
550,0.6150598389999999,0.093229216,1<x<603,21<x<39,x<24,0<x<52083,11<x<23,0<x<24,0<x<4,x>73,2<x<4,NO
551,0.439512098,0.247378947,1<x<603,57<x<75,x>73,0<x<52083,11<x<23,0<x<24,0<x<4,0<x<24,2<x<4,NO
552,0.046740048,0.01332778,1206<x<1809,21<x<39,0<x<24,0<x<52083,x<11,0<x<24,0<x<4,0<x<24,2<x<4,NO
553,0.05841615400000001,0.5538689370000001,1206<x<1809,x>75,0<x<24,0<x<52083,0<x<11,0<x<24,8<x<12,0<x<24,x>6,NO
554,0.242524917,0.236595607,1206<x<1809,21<x<39,x>73,0<x<52083,23<x<34,0<x<24,4<x<8,x>73,4<x<6,NO
555,0.933275834,0.061269518,1<x<603,57<x<75,0<x<24,0<x<52083,11<x<23,x<24,0<x<4,0<x<24,4<x<6,NO
556,0.193612774,0.246381372,1206<x<1809,21<x<39,0<x<24,0<x<52083,23<x<34,0<x<24,0<x<4,0<x<24,x>6,NO
557,0.722910836,0.530156614,603<x<1206,21<x<39,x>73,0<x<52083,23<x<34,0<x<24,0<x<4,0<x<24,x>6,NO
558,0.428382755,0.274253271,x>1809,21<x<39,x>73,0<x<52083,23<x<34,0<x<24,0<x<4,0<x<24,x>6,NO
559,0.767840152,0.312937413,x>1809,39<x<57,0<x<24,0<x<52083,11<x<23,0<x<24,4<x<8,0<x<24,0<x<2,NO
560,0.07201814299999999,0.007998609,1<x<603,39<x<57,0<x<24,0<x<52083,11<x<23,0<x<24,0<x<4,x<24,2<x<4,NO
561,0.100773109,0.275552228,1<x<603,39<x<57,x<24,0<x<52083,11<x<23,x<24,0<x<4,0<x<24,2<x<4,NO
562,0.166284079,0.121876201,x>1809,21<x<39,0<x<24,0<x<52083,0<x<11,0<x<24,0<x<4,0<x<24,4<x<6,NO
563,0.986280549,0.162629758,1<x<603,39<x<57,x<24,0<x<52083,0<x<11,0<x<24,x<4,x<24,0<x<2,NO
564,0.467479789,0.115903155,1<x<603,57<x<75,0<x<24,0<x<52083,11<x<23,0<x<24,4<x<8,0<x<24,x<2,NO
565,0.0017864970000000004,0.175073233,603<x<1206,39<x<57,x>73,0<x<52083,23<x<34,x>73,4<x<8,0<x<24,4<x<6,NO
566,0.741639022,0.6257497,1206<x<1809,x>75,0<x<24,0<x<52083,0<x<11,0<x<24,4<x<8,x<24,0<x<2,NO
567,0.25889775,0.208661417,1<x<603,39<x<57,0<x<24,0<x<52083,23<x<34,0<x<24,x<4,0<x<24,4<x<6,NO
568,0.50009998,0.171582842,1<x<603,21<x<39,x<24,0<x<52083,0<x<11,0<x<24,x<4,0<x<24,2<x<4,NO
569,0.00077776,0.907538526,1<x<603,x>75,0<x<24,0<x<52083,11<x<23,0<x<24,4<x<8,x>73,4<x<6,NO
570,0.085363988,0.07430856400000001,x>1809,21<x<39,x<24,0<x<52083,0<x<11,0<x<24,0<x<4,x<24,2<x<4,NO
571,0.034645112,0.004461298,x>1809,57<x<75,0<x<24,0<x<52083,23<x<34,0<x<24,8<x<12,0<x<24,x>6,NO
572,0.038660566,0.230679837,1206<x<1809,21<x<39,0<x<24,0<x<52083,11<x<23,0<x<24,4<x<8,0<x<24,2<x<4,NO
573,0.08464722599999999,0.255290785,1206<x<1809,x>75,0<x<24,0<x<52083,x<11,0<x<24,4<x<8,0<x<24,x>6,NO
574,0.635388319,0.14234306300000002,x>1809,x>75,x>73,0<x<52083,11<x<23,0<x<24,x>12,0<x<24,4<x<6,NO
575,0.028458411,0.540702656,1<x<603,21<x<39,0<x<24,0<x<52083,0<x<11,0<x<24,x>12,0<x<24,2<x<4,NO
576,0.696495633,0.226054358,1206<x<1809,57<x<75,0<x<24,0<x<52083,0<x<11,x<24,0<x<4,x<24,4<x<6,NO
577,0.005737638000000001,0.008886914000000001,1<x<603,x>75,0<x<24,0<x<52083,23<x<34,0<x<24,0<x<4,0<x<24,2<x<4,NO
578,0.101430135,0.461357487,1206<x<1809,39<x<57,0<x<24,0<x<52083,23<x<34,0<x<24,4<x<8,0<x<24,x>6,NO
579,0.009654537,0.209539523,x>1809,21<x<39,0<x<24,0<x<52083,23<x<34,0<x<24,x>12,0<x<24,4<x<6,NO
580,0.924107143,0.427674963,603<x<1206,57<x<75,x>73,0<x<52083,23<x<34,0<x<24,8<x<12,0<x<24,4<x<6,NO
581,0.008632035,0.129409265,603<x<1206,x>75,0<x<24,0<x<52083,11<x<23,0<x<24,4<x<8,0<x<24,4<x<6,NO
582,0.734477501,0.117910841,603<x<1206,57<x<75,0<x<24,0<x<52083,0<x<11,0<x<24,0<x<4,x<24,x<2,NO
583,0.059183801,0.00829363,x>1809,21<x<39,0<x<24,0<x<52083,11<x<23,0<x<24,4<x<8,0<x<24,x<2,NO
584,0.224252667,0.040493251,x>1809,57<x<75,x<24,0<x<52083,23<x<34,x>73,x>12,0<x<24,4<x<6,NO
585,0.009917446,0.530306186,x>1809,57<x<75,0<x<24,0<x<52083,11<x<23,x>73,4<x<8,x<24,4<x<6,NO
586,0.771024905,0.498110831,1<x<603,39<x<57,0<x<24,0<x<52083,x<11,0<x<24,x>12,0<x<24,4<x<6,NO
587,0.993335555,0.476433476,x>1809,x>75,0<x<24,0<x<52083,11<x<23,0<x<24,4<x<8,x<24,2<x<4,NO
588,0.14903788699999998,0.664221287,1<x<603,21<x<39,0<x<24,0<x<52083,0<x<11,x>73,x<4,0<x<24,2<x<4,NO
589,0.017043518,2.219737309,1206<x<1809,39<x<57,0<x<24,0<x<52083,11<x<23,0<x<24,4<x<8,0<x<24,2<x<4,NO
590,0.233809776,0.370769853,1<x<603,57<x<75,0<x<24,0<x<52083,23<x<34,x<24,4<x<8,0<x<24,2<x<4,NO
591,0.141188966,0.096394145,x>1809,57<x<75,x>73,0<x<52083,0<x<11,0<x<24,4<x<8,x<24,4<x<6,NO
592,0.239735812,0.170919325,1206<x<1809,57<x<75,0<x<24,0<x<52083,23<x<34,0<x<24,4<x<8,0<x<24,0<x<2,NO
593,0.984542138,0.139694329,1<x<603,x>75,0<x<24,0<x<52083,0<x<11,0<x<24,x>12,x<24,x>6,NO
594,0.07082248299999999,0.653923068,1<x<603,57<x<75,0<x<24,0<x<52083,0<x<11,x>73,4<x<8,0<x<24,x<2,NO
595,0.335445712,0.014697237,1<x<603,57<x<75,0<x<24,0<x<52083,11<x<23,x<24,0<x<4,0<x<24,0<x<2,NO
596,0.085942705,0.355376308,603<x<1206,x<39,0<x<24,0<x<52083,11<x<23,0<x<24,x>12,0<x<24,x<2,NO
597,0.537109258,0.077780358,1206<x<1809,x>75,0<x<24,0<x<52083,11<x<23,0<x<24,0<x<4,x<24,x>6,NO
598,0.173784093,0.048154933,1<x<603,39<x<57,0<x<24,0<x<52083,0<x<11,0<x<24,4<x<8,x<24,x>6,NO
599,0.408690635,1005.0,x>1809,39<x<57,0<x<24,0<x<52083,0<x<11,0<x<24,x>12,0<x<24,x<2,NO
600,0.05786766700000001,0.065493451,1206<x<1809,x>75,0<x<24,0<x<52083,23<x<34,0<x<24,4<x<8,0<x<24,x>6,NO
601,0.06400657,0.512998,1206<x<1809,21<x<39,0<x<24,0<x<52083,23<x<34,0<x<24,0<x<4,0<x<24,x>6,NO
602,0.203916305,0.605098725,1206<x<1809,x>75,x>73,0<x<52083,0<x<11,x>73,4<x<8,x>73,x>6,NO
603,0.888822236,0.041959578,603<x<1206,39<x<57,0<x<24,0<x<52083,23<x<34,0<x<24,x>12,0<x<24,0<x<2,NO
604,0.733885463,0.000572902,1<x<603,x>75,0<x<24,0<x<52083,x>34,x>73,4<x<8,x>73,x>6,NO
605,0.255610417,0.583655513,603<x<1206,21<x<39,0<x<24,0<x<52083,11<x<23,0<x<24,4<x<8,0<x<24,x<2,NO
606,0.123218186,0.258589038,x>1809,x>75,0<x<24,0<x<52083,x>34,0<x<24,4<x<8,0<x<24,x<2,NO
607,0.129547536,0.601017347,x>1809,x>75,0<x<24,0<x<52083,0<x<11,0<x<24,x>12,0<x<24,x<2,NO
608,0.292567833,0.069040925,1206<x<1809,57<x<75,0<x<24,0<x<52083,0<x<11,0<x<24,0<x<4,0<x<24,4<x<6,NO
609,0.054497069,0.31035201,1206<x<1809,x>75,x<24,0<x<52083,11<x<23,x>73,8<x<12,0<x<24,2<x<4,NO
610,0.260271523,0.255290785,x>1809,39<x<57,0<x<24,0<x<52083,11<x<23,0<x<24,4<x<8,0<x<24,4<x<6,NO
611,0.001394065,0.489627593,1<x<603,57<x<75,0<x<24,0<x<52083,x>34,0<x<24,4<x<8,x<24,4<x<6,NO
612,0.18805926,0.119463561,1<x<603,x>75,0<x<24,0<x<52083,x<11,0<x<24,0<x<4,0<x<24,x<2,NO
613,0.045017363,0.057983433,x>1809,x>75,0<x<24,0<x<52083,23<x<34,0<x<24,0<x<4,x<24,2<x<4,NO
614,0.401199782,0.671076012,x>1809,57<x<75,0<x<24,0<x<52083,23<x<34,0<x<24,4<x<8,0<x<24,x<2,NO
615,1.079681275,0.271467415,603<x<1206,x>75,x>73,0<x<52083,11<x<23,x>73,x>12,0<x<24,2<x<4,NO
616,0.15664578099999998,0.166102842,603<x<1206,57<x<75,0<x<24,0<x<52083,0<x<11,0<x<24,0<x<4,x<24,x>6,NO
617,0.03929607,0.274722886,1206<x<1809,x>75,0<x<24,0<x<52083,0<x<11,x<24,4<x<8,0<x<24,0<x<2,NO
618,0.5847176079999999,0.093442906,603<x<1206,21<x<39,0<x<24,0<x<52083,0<x<11,x>73,x>12,0<x<24,x<2,NO
619,0.106475741,0.188452887,1<x<603,39<x<57,0<x<24,0<x<52083,23<x<34,0<x<24,4<x<8,0<x<24,0<x<2,NO
620,0.734477501,0.594224361,1<x<603,x>75,0<x<24,0<x<52083,x>34,0<x<24,0<x<4,0<x<24,0<x<2,NO
621,0.8682796070000001,0.400099994,1<x<603,57<x<75,0<x<24,0<x<52083,11<x<23,0<x<24,0<x<4,0<x<24,x<2,NO
622,0.181713732,0.263849384,1206<x<1809,21<x<39,x<24,0<x<52083,23<x<34,0<x<24,4<x<8,0<x<24,0<x<2,NO
623,0.122276134,0.378128675,603<x<1206,39<x<57,x<24,0<x<52083,11<x<23,0<x<24,0<x<4,0<x<24,0<x<2,NO
624,0.8960348459999999,0.662152897,1206<x<1809,57<x<75,0<x<24,0<x<52083,11<x<23,0<x<24,0<x<4,0<x<24,0<x<2,NO
625,0.5159756879999999,0.007988921999999999,x>1809,x>75,0<x<24,0<x<52083,0<x<11,0<x<24,0<x<4,0<x<24,2<x<4,NO
626,0.002086775,0.297139683,1206<x<1809,x>75,0<x<24,0<x<52083,11<x<23,0<x<24,0<x<4,0<x<24,2<x<4,NO
627,0.476535633,0.006799093000000001,x>1809,39<x<57,0<x<24,0<x<52083,23<x<34,0<x<24,0<x<4,x<24,2<x<4,NO
628,0.110327321,0.308615311,x>1809,21<x<39,x>73,0<x<52083,0<x<11,x<24,4<x<8,x>73,0<x<2,NO
629,0.078958502,0.411311054,x>1809,x>75,x>73,0<x<52083,0<x<11,0<x<24,4<x<8,0<x<24,4<x<6,NO
630,0.311954668,0.017260735,603<x<1206,x>75,0<x<24,0<x<52083,x<11,0<x<24,4<x<8,0<x<24,4<x<6,NO
631,0.757516147,0.531659631,x>1809,21<x<39,0<x<24,0<x<52083,23<x<34,0<x<24,x>12,0<x<24,0<x<2,NO
632,0.5588738320000001,0.28111066100000004,1206<x<1809,21<x<39,0<x<24,0<x<52083,11<x<23,0<x<24,8<x<12,x>73,2<x<4,NO
633,0.009917446,0.033655448,1206<x<1809,39<x<57,0<x<24,0<x<52083,23<x<34,0<x<24,x>12,0<x<24,x<2,NO
634,0.019387779,0.114004783,1206<x<1809,21<x<39,0<x<24,0<x<52083,23<x<34,0<x<24,8<x<12,0<x<24,2<x<4,NO
635,0.280965774,0.439362795,1206<x<1809,x>75,0<x<24,0<x<52083,23<x<34,0<x<24,4<x<8,0<x<24,0<x<2,NO
636,0.17988008,0.563752087,603<x<1206,39<x<57,0<x<24,0<x<52083,x>34,0<x<24,x<4,x<24,x>6,NO
637,0.207467322,0.281729338,603<x<1206,39<x<57,0<x<24,0<x<52083,0<x<11,0<x<24,4<x<8,x<24,0<x<2,NO
638,0.293554293,0.683523654,x>1809,21<x<39,x>73,0<x<52083,x<11,0<x<24,4<x<8,0<x<24,4<x<6,NO
639,0.35407131,0.077780358,1206<x<1809,39<x<57,0<x<24,0<x<52083,23<x<34,0<x<24,4<x<8,0<x<24,2<x<4,NO
640,0.0042640790000000005,0.595462092,x>1809,57<x<75,0<x<24,0<x<52083,0<x<11,0<x<24,4<x<8,0<x<24,2<x<4,NO
641,0.186890655,0.099590041,1<x<603,21<x<39,0<x<24,0<x<52083,0<x<11,0<x<24,x>12,0<x<24,x<2,NO
642,0.107560312,0.028554343,1<x<603,x>75,0<x<24,0<x<52083,11<x<23,0<x<24,4<x<8,0<x<24,x<2,NO
643,0.005333172,0.194950912,1206<x<1809,57<x<75,0<x<24,0<x<52083,0<x<11,0<x<24,0<x<4,x<24,2<x<4,NO
644,0.020658285,0.230679837,1<x<603,x>75,0<x<24,0<x<52083,11<x<23,x<24,4<x<8,0<x<24,0<x<2,NO
645,0.012739234,887.0,1<x<603,57<x<75,x<24,0<x<52083,23<x<34,x>73,4<x<8,x<24,x>6,NO
646,0.083486086,0.2226598,x>1809,21<x<39,0<x<24,0<x<52083,11<x<23,x>73,4<x<8,0<x<24,4<x<6,NO
647,0.447466239,0.257707218,1206<x<1809,x>75,0<x<24,0<x<52083,11<x<23,x>73,4<x<8,0<x<24,x>6,NO
648,0.014441183,0.37043826,603<x<1206,39<x<57,0<x<24,0<x<52083,0<x<11,0<x<24,x>12,0<x<24,x>6,NO
649,0.714892819,0.388320836,1206<x<1809,39<x<57,0<x<24,0<x<52083,0<x<11,x>73,0<x<4,0<x<24,2<x<4,NO
650,0.251804415,0.001825769,1206<x<1809,21<x<39,x<24,0<x<52083,0<x<11,0<x<24,0<x<4,0<x<24,x>6,NO
651,0.048911121,0.46374635,603<x<1206,21<x<39,x>73,0<x<52083,11<x<23,x>73,0<x<4,0<x<24,2<x<4,NO
652,0.005660923000000001,0.011761247,1206<x<1809,21<x<39,x<24,0<x<52083,0<x<11,x<24,0<x<4,x<24,x<2,NO
653,0.036934189,0.43955635,603<x<1206,21<x<39,0<x<24,0<x<52083,11<x<23,0<x<24,4<x<8,0<x<24,2<x<4,NO
654,0.181579946,0.288725647,1206<x<1809,39<x<57,0<x<24,0<x<52083,23<x<34,0<x<24,0<x<4,0<x<24,4<x<6,NO
655,0.951575711,0.267149259,x>1809,x>75,x<24,0<x<52083,11<x<23,0<x<24,x<4,x<24,x>6,NO
656,0.045759314,0.28111066100000004,603<x<1206,39<x<57,0<x<24,0<x<52083,11<x<23,0<x<24,0<x<4,0<x<24,x<2,NO
657,0.033708851,0.182433958,x>1809,39<x<57,0<x<24,0<x<52083,11<x<23,0<x<24,0<x<4,0<x<24,4<x<6,NO
658,0.047294357,0.361421689,1206<x<1809,39<x<57,0<x<24,0<x<52083,0<x<11,x<24,4<x<8,0<x<24,x>6,NO
659,0.026944485,0.001287001,1<x<603,39<x<57,0<x<24,0<x<52083,0<x<11,0<x<24,0<x<4,0<x<24,x>6,NO
660,0.073393457,0.390402399,603<x<1206,21<x<39,x<24,0<x<52083,11<x<23,0<x<24,4<x<8,x>73,2<x<4,NO
661,0.6964116709999999,0.100164204,x>1809,x<39,0<x<24,0<x<52083,11<x<23,x<24,8<x<12,0<x<24,0<x<2,NO
662,0.17773046899999995,0.158012596,1206<x<1809,39<x<57,0<x<24,0<x<52083,23<x<34,x>73,4<x<8,0<x<24,x>6,NO
663,0.8461637590000001,0.27112148,1<x<603,39<x<57,0<x<24,0<x<52083,11<x<23,0<x<24,x>12,x>73,x>6,NO
664,0.016066131,0.119214586,1<x<603,57<x<75,0<x<24,0<x<52083,0<x<11,0<x<24,x>12,0<x<24,0<x<2,NO
665,0.118098826,0.358153388,603<x<1206,57<x<75,0<x<24,0<x<52083,x>34,0<x<24,4<x<8,0<x<24,x>6,NO
666,0.000583899,0.010927876,1<x<603,39<x<57,0<x<24,0<x<52083,11<x<23,0<x<24,0<x<4,0<x<24,x>6,NO
667,0.014441183,0.281690141,1<x<603,57<x<75,0<x<24,0<x<52083,11<x<23,x>73,x>12,0<x<24,0<x<2,NO
668,0.13527952,0.501614046,1<x<603,57<x<75,0<x<24,0<x<52083,23<x<34,0<x<24,0<x<4,0<x<24,x>6,NO
669,0.571987146,0.003763643,1<x<603,39<x<57,x>73,0<x<52083,23<x<34,0<x<24,0<x<4,x<24,x<2,NO
670,0.983338887,0.182890855,603<x<1206,39<x<57,0<x<24,0<x<52083,0<x<11,x>73,8<x<12,0<x<24,0<x<2,NO
671,0.54699881,0.408073991,x>1809,39<x<57,0<x<24,0<x<52083,23<x<34,x>73,0<x<4,0<x<24,x>6,NO
672,0.088911089,0.38510101,x>1809,39<x<57,0<x<24,0<x<52083,0<x<11,0<x<24,0<x<4,0<x<24,4<x<6,NO
673,0.080481775,0.47090194,1<x<603,39<x<57,0<x<24,0<x<52083,x>34,0<x<24,0<x<4,0<x<24,2<x<4,NO
674,0.971792188,0.323684586,x>1809,39<x<57,0<x<24,0<x<52083,11<x<23,x<24,0<x<4,0<x<24,4<x<6,NO
675,0.041191762,0.234095738,x>1809,x>75,0<x<24,0<x<52083,23<x<34,0<x<24,4<x<8,x>73,2<x<4,NO
676,0.000933292,0.32333833100000003,603<x<1206,57<x<75,0<x<24,0<x<52083,0<x<11,0<x<24,4<x<8,x>73,0<x<2,NO
677,0.355669745,0.452241195,603<x<1206,21<x<39,0<x<24,0<x<52083,0<x<11,x>73,x<4,0<x<24,4<x<6,NO
678,0.5471373420000001,0.092985318,603<x<1206,39<x<57,0<x<24,0<x<52083,0<x<11,0<x<24,x<4,0<x<24,2<x<4,NO
679,0.704073982,0.034482759,603<x<1206,57<x<75,0<x<24,0<x<52083,23<x<34,x>73,x>12,0<x<24,x>6,NO
680,0.51835032,0.14775359,1<x<603,x>75,0<x<24,0<x<52083,11<x<23,0<x<24,4<x<8,0<x<24,4<x<6,NO
681,0.296110304,0.371699564,603<x<1206,39<x<57,0<x<24,0<x<52083,11<x<23,x>73,0<x<4,0<x<24,2<x<4,NO
682,0.7377376390000001,0.020359935,603<x<1206,57<x<75,0<x<24,0<x<52083,23<x<34,x<24,x<4,0<x<24,2<x<4,NO
683,0.030141422,0.080187299,1206<x<1809,x>75,0<x<24,0<x<52083,11<x<23,x<24,8<x<12,0<x<24,0<x<2,NO
684,0.702493864,0.332016389,x>1809,21<x<39,0<x<24,0<x<52083,23<x<34,0<x<24,4<x<8,0<x<24,4<x<6,NO
685,0.061214562,0.667821846,1<x<603,39<x<57,0<x<24,0<x<52083,0<x<11,0<x<24,4<x<8,0<x<24,0<x<2,NO
686,0.007712359,0.643,603<x<1206,x>75,0<x<24,0<x<52083,x<11,0<x<24,4<x<8,x<24,2<x<4,NO
687,0.08394524199999999,0.229436075,603<x<1206,57<x<75,0<x<24,0<x<52083,11<x<23,0<x<24,0<x<4,0<x<24,x>6,NO
688,0.84293979,0.071192375,1<x<603,x>75,x<24,0<x<52083,0<x<11,0<x<24,4<x<8,0<x<24,x>6,NO
689,0.004396358,0.7252849809999999,1206<x<1809,57<x<75,0<x<24,0<x<52083,0<x<11,x<24,4<x<8,0<x<24,2<x<4,NO
690,0.946978196,0.157678245,x>1809,39<x<57,0<x<24,0<x<52083,0<x<11,x>73,x>12,x>73,x>6,NO
691,0.08833659099999999,926.5,x>1809,39<x<57,x<24,0<x<52083,23<x<34,0<x<24,x>12,0<x<24,4<x<6,NO
692,0.046682013,0.005178402,603<x<1206,21<x<39,0<x<24,0<x<52083,23<x<34,x<24,0<x<4,0<x<24,x<2,NO
693,0.749625037,1.595253368,603<x<1206,x>75,0<x<24,0<x<52083,0<x<11,0<x<24,x<4,x<24,4<x<6,NO
694,0.109183287,0.33987412100000003,1206<x<1809,21<x<39,0<x<24,0<x<52083,11<x<23,0<x<24,0<x<4,x<24,2<x<4,NO
695,0.696495633,0.17012561399999998,x>1809,39<x<57,0<x<24,0<x<52083,11<x<23,0<x<24,x<4,0<x<24,4<x<6,NO
696,0.827708197,0.286158631,603<x<1206,21<x<39,x>73,0<x<52083,11<x<23,0<x<24,4<x<8,x>73,4<x<6,NO
697,0.041104587000000005,0.524458002,603<x<1206,x>75,0<x<24,0<x<52083,23<x<34,0<x<24,x>12,0<x<24,4<x<6,NO
698,0.006956358,0.288977727,1<x<603,39<x<57,0<x<24,0<x<52083,0<x<11,0<x<24,4<x<8,0<x<24,4<x<6,NO
699,0.032570498,0.643118149,x>1809,21<x<39,0<x<24,0<x<52083,0<x<11,0<x<24,4<x<8,0<x<24,2<x<4,NO
700,0.671332867,0.564160685,603<x<1206,21<x<39,0<x<24,0<x<52083,0<x<11,x>73,4<x<8,x<24,0<x<2,NO
701,0.28854138100000004,0.296854804,603<x<1206,21<x<39,x<24,0<x<52083,23<x<34,0<x<24,4<x<8,0<x<24,2<x<4,NO
702,0.00189109,0.644706486,603<x<1206,57<x<75,0<x<24,0<x<52083,0<x<11,0<x<24,4<x<8,x<24,x>6,NO
703,0.932135729,0.15104398,1206<x<1809,39<x<57,0<x<24,0<x<52083,11<x<23,x<24,4<x<8,0<x<24,x>6,NO
704,0.5847176079999999,0.17356528699999998,1206<x<1809,39<x<57,0<x<24,0<x<52083,x<11,0<x<24,0<x<4,0<x<24,0<x<2,NO
705,0.940774925,0.233524355,1<x<603,x>75,0<x<24,0<x<52083,0<x<11,0<x<24,x>12,0<x<24,0<x<2,NO
706,0.68028326,0.06856359299999999,x>1809,x>75,0<x<24,0<x<52083,11<x<23,0<x<24,8<x<12,0<x<24,2<x<4,NO
707,0.529411765,0.154187958,x>1809,39<x<57,0<x<24,0<x<52083,0<x<11,0<x<24,0<x<4,x>73,2<x<4,NO
708,0.188387441,0.192690243,x>1809,39<x<57,0<x<24,0<x<52083,11<x<23,x<24,0<x<4,x>73,x>6,NO
709,0.401789055,0.237585688,1<x<603,21<x<39,x>73,0<x<52083,11<x<23,0<x<24,4<x<8,0<x<24,2<x<4,NO
710,0.307191593,0.220878049,1<x<603,21<x<39,0<x<24,0<x<52083,11<x<23,x<24,0<x<4,x>73,0<x<2,NO
711,0.23063852,0.115903155,1<x<603,x>75,0<x<24,0<x<52083,0<x<11,0<x<24,0<x<4,x>73,0<x<2,NO
712,0.118098826,0.090355422,1206<x<1809,57<x<75,0<x<24,0<x<52083,11<x<23,0<x<24,0<x<4,0<x<24,x>6,NO
713,0.005737638000000001,0.093687518,603<x<1206,21<x<39,0<x<24,0<x<52083,11<x<23,0<x<24,4<x<8,0<x<24,2<x<4,NO
714,0.084826988,0.391578588,1206<x<1809,x>75,0<x<24,0<x<52083,0<x<11,0<x<24,0<x<4,x>73,2<x<4,NO
715,0.295928252,0.35667928600000004,x>1809,39<x<57,0<x<24,0<x<52083,x>34,x<24,8<x<12,0<x<24,2<x<4,NO
716,0.090761837,0.26017007600000003,x>1809,57<x<75,0<x<24,0<x<52083,23<x<34,0<x<24,4<x<8,0<x<24,2<x<4,NO
717,0.584844623,0.08049535599999999,603<x<1206,21<x<39,0<x<24,0<x<52083,11<x<23,x>73,x<4,0<x<24,x<2,NO
718,0.051077957,0.433893685,1<x<603,39<x<57,0<x<24,0<x<52083,x>34,0<x<24,4<x<8,0<x<24,4<x<6,NO
719,0.006702441999999999,1.247340213,1<x<603,x>75,0<x<24,0<x<52083,23<x<34,0<x<24,0<x<4,0<x<24,0<x<2,NO
720,0.176443529,0.010705922,603<x<1206,57<x<75,0<x<24,0<x<52083,0<x<11,x>73,0<x<4,0<x<24,4<x<6,NO
721,0.007809418,0.222071349,603<x<1206,x>75,0<x<24,0<x<52083,0<x<11,x>73,x<4,0<x<24,4<x<6,NO
722,0.051976021,1.042791442,1206<x<1809,x>75,0<x<24,0<x<52083,23<x<34,0<x<24,8<x<12,0<x<24,x>6,NO
723,0.039016915,0.544228523,603<x<1206,39<x<57,0<x<24,0<x<52083,x>34,0<x<24,0<x<4,0<x<24,x>6,NO
724,0.921179803,0.241621845,x>1809,x>75,0<x<24,0<x<52083,23<x<34,x<24,4<x<8,0<x<24,x>6,NO
725,0.415229239,0.207063377,x>1809,21<x<39,0<x<24,0<x<52083,11<x<23,x>73,4<x<8,0<x<24,x<2,NO
726,0.220222137,0.00244798,1<x<603,57<x<75,x>73,0<x<52083,11<x<23,x>73,0<x<4,0<x<24,x>6,NO
727,0.122295933,0.339332853,603<x<1206,39<x<57,0<x<24,0<x<52083,0<x<11,0<x<24,0<x<4,0<x<24,x>6,NO
728,0.987367106,0.652923155,603<x<1206,x>75,0<x<24,0<x<52083,23<x<34,0<x<24,8<x<12,0<x<24,x>6,NO
729,0.339485947,0.318874019,1<x<603,57<x<75,0<x<24,0<x<52083,0<x<11,0<x<24,0<x<4,x<24,4<x<6,NO
730,0.004253668,0.208661417,x>1809,57<x<75,0<x<24,0<x<52083,11<x<23,0<x<24,x>12,0<x<24,4<x<6,NO
731,0.10189678,0.043604071,x>1809,39<x<57,x<24,0<x<52083,23<x<34,0<x<24,4<x<8,0<x<24,4<x<6,NO
732,0.950105123,0.26991654,603<x<1206,x>75,0<x<24,0<x<52083,11<x<23,0<x<24,0<x<4,0<x<24,4<x<6,NO
733,0.099815157,0.41627543,x>1809,57<x<75,x<24,0<x<52083,11<x<23,0<x<24,4<x<8,x>73,4<x<6,NO
734,0.423639586,0.24045329,1206<x<1809,21<x<39,x>73,0<x<52083,0<x<11,0<x<24,0<x<4,0<x<24,2<x<4,NO
735,0.027399502000000003,0.15661446199999998,603<x<1206,21<x<39,0<x<24,0<x<52083,23<x<34,x<24,0<x<4,0<x<24,2<x<4,NO
736,0.250713314,2.086478612,1206<x<1809,57<x<75,0<x<24,0<x<52083,11<x<23,0<x<24,4<x<8,x>73,x>6,NO
737,0.5472687079999999,0.171582842,1206<x<1809,x>75,0<x<24,0<x<52083,x>34,0<x<24,4<x<8,x<24,4<x<6,NO
738,0.809738087,0.427882174,603<x<1206,21<x<39,0<x<24,0<x<52083,11<x<23,0<x<24,x>12,x>73,x<2,NO
739,0.5472687079999999,0.257017809,1<x<603,39<x<57,0<x<24,0<x<52083,0<x<11,0<x<24,0<x<4,0<x<24,4<x<6,NO
740,0.516420752,0.31697841,1<x<603,21<x<39,0<x<24,0<x<52083,23<x<34,0<x<24,0<x<4,0<x<24,2<x<4,NO
741,0.09811305,0.5956539129999999,1<x<603,39<x<57,x<24,0<x<52083,x<11,0<x<24,4<x<8,x<24,2<x<4,NO
742,0.063329564,0.28111066100000004,603<x<1206,57<x<75,x<24,0<x<52083,0<x<11,0<x<24,x>12,0<x<24,0<x<2,NO
743,0.013218661,1.129227053,1<x<603,x>75,0<x<24,0<x<52083,11<x<23,0<x<24,x>12,x<24,4<x<6,NO
744,0.2670805,0.411311054,1<x<603,21<x<39,0<x<24,0<x<52083,x<11,0<x<24,0<x<4,0<x<24,4<x<6,NO
745,0.275697774,0.53801306,x>1809,57<x<75,0<x<24,0<x<52083,0<x<11,0<x<24,4<x<8,x<24,4<x<6,NO
746,2.837806547,0.3843717,x>1809,57<x<75,0<x<24,0<x<52083,11<x<23,x<24,0<x<4,x<24,x>6,NO
747,0.02374947,0.384779992,x>1809,39<x<57,0<x<24,0<x<52083,0<x<11,0<x<24,0<x<4,x>73,x>6,NO
748,0.191958515,0.361421689,1206<x<1809,39<x<57,x<24,0<x<52083,x>34,0<x<24,8<x<12,0<x<24,x>6,NO
749,0.287482032,0.7372959090000001,x>1809,21<x<39,0<x<24,0<x<52083,11<x<23,0<x<24,x>12,0<x<24,x>6,NO
750,0.077246781,0.048520395,1206<x<1809,39<x<57,0<x<24,0<x<52083,23<x<34,x<24,x>12,0<x<24,x>6,NO
751,0.6914884179999999,0.470048177,x>1809,x>75,0<x<24,0<x<52083,23<x<34,0<x<24,4<x<8,0<x<24,0<x<2,NO
752,0.985092264,0.06699330099999999,1206<x<1809,57<x<75,0<x<24,0<x<52083,x>34,0<x<24,0<x<4,0<x<24,x>6,NO
753,0.151912549,0.16069592,1<x<603,21<x<39,0<x<24,0<x<52083,11<x<23,0<x<24,4<x<8,0<x<24,4<x<6,NO
754,0.20223306,4.340182648,x>1809,39<x<57,0<x<24,0<x<52083,11<x<23,0<x<24,0<x<4,0<x<24,2<x<4,NO
755,0.025079156,0.919826448,603<x<1206,21<x<39,0<x<24,0<x<52083,11<x<23,0<x<24,0<x<4,0<x<24,x>6,NO
756,0.991502124,0.309335963,x>1809,39<x<57,x>73,0<x<52083,23<x<34,0<x<24,0<x<4,x>73,x>6,NO
757,0.019999721,0.476433476,x>1809,21<x<39,0<x<24,0<x<52083,11<x<23,0<x<24,0<x<4,0<x<24,4<x<6,NO
758,0.4275909000000001,0.304821151,1<x<603,39<x<57,0<x<24,0<x<52083,11<x<23,0<x<24,4<x<8,x>73,2<x<4,NO
759,0.909538698,0.17512032600000002,603<x<1206,57<x<75,0<x<24,0<x<52083,23<x<34,0<x<24,x<4,0<x<24,x>6,NO
760,0.06037487,0.36909013,1<x<603,x>75,0<x<24,0<x<52083,11<x<23,0<x<24,8<x<12,0<x<24,x>6,NO
761,0.004570993,0.5520938989999999,x>1809,39<x<57,0<x<24,0<x<52083,0<x<11,0<x<24,8<x<12,0<x<24,4<x<6,NO
762,0.387065977,0.644706486,603<x<1206,39<x<57,0<x<24,0<x<52083,11<x<23,0<x<24,4<x<8,0<x<24,4<x<6,NO
763,0.59410642,0.168767792,603<x<1206,39<x<57,0<x<24,0<x<52083,23<x<34,x>73,0<x<4,x<24,x>6,NO
764,0.8654230509999999,0.34037277,1206<x<1809,21<x<39,x<24,0<x<52083,0<x<11,0<x<24,4<x<8,0<x<24,0<x<2,NO
765,0.003851709,0.14742639300000002,1<x<603,57<x<75,0<x<24,0<x<52083,11<x<23,0<x<24,4<x<8,x<24,4<x<6,NO
766,0.020074662,0.00019996,603<x<1206,39<x<57,0<x<24,0<x<52083,x>34,0<x<24,8<x<12,x>73,x>6,NO
767,0.160558857,0.406138107,603<x<1206,21<x<39,x<24,0<x<52083,23<x<34,0<x<24,4<x<8,x>73,x<2,NO
768,0.913773615,0.168593933,603<x<1206,21<x<39,0<x<24,0<x<52083,0<x<11,x>73,0<x<4,x>73,4<x<6,NO
769,0.017594818999999998,0.275552228,x>1809,57<x<75,0<x<24,0<x<52083,23<x<34,x>73,0<x<4,0<x<24,4<x<6,NO
770,0.963614554,0.108089191,1206<x<1809,x>75,0<x<24,0<x<52083,11<x<23,x>73,0<x<4,x>73,4<x<6,NO
771,0.7864854059999999,0.00359928,1<x<603,57<x<75,0<x<24,0<x<52083,0<x<11,0<x<24,0<x<4,x<24,x>6,NO
772,0.048911121,0.012931608999999998,603<x<1206,21<x<39,0<x<24,0<x<52083,11<x<23,0<x<24,4<x<8,0<x<24,x>6,NO
773,0.137609462,0.004176225,1<x<603,21<x<39,0<x<24,0<x<52083,0<x<11,0<x<24,4<x<8,x>73,0<x<2,NO
774,0.092392056,0.07430856400000001,1<x<603,x>75,x>73,0<x<52083,11<x<23,x<24,x>12,x<24,x<2,NO
775,0.060837205,0.008549573000000001,x>1809,39<x<57,x>73,0<x<52083,11<x<23,0<x<24,0<x<4,0<x<24,4<x<6,NO
776,0.243426286,0.067877957,x>1809,21<x<39,0<x<24,0<x<52083,0<x<11,0<x<24,8<x<12,x>73,x>6,NO
777,0.213039604,0.08701765300000001,x>1809,57<x<75,0<x<24,0<x<52083,11<x<23,0<x<24,0<x<4,0<x<24,x>6,NO
778,0.5701228220000001,0.248864668,1<x<603,x>75,0<x<24,0<x<52083,0<x<11,0<x<24,0<x<4,x>73,x>6,NO
779,0.005451823000000001,0.082448854,603<x<1206,57<x<75,0<x<24,0<x<52083,23<x<34,0<x<24,4<x<8,0<x<24,2<x<4,NO
780,1.0069555140000002,0.012420181,x>1809,39<x<57,0<x<24,0<x<52083,11<x<23,0<x<24,4<x<8,0<x<24,4<x<6,NO
781,0.508254824,0.438969765,x>1809,21<x<39,x>73,0<x<52083,0<x<11,0<x<24,4<x<8,0<x<24,4<x<6,NO
782,1.248751249,0.8282130520000001,603<x<1206,39<x<57,0<x<24,0<x<52083,11<x<23,0<x<24,4<x<8,0<x<24,x>6,NO
783,0.5472687079999999,1687.5,603<x<1206,39<x<57,0<x<24,0<x<52083,0<x<11,0<x<24,8<x<12,x<24,x>6,NO
784,0.430444733,1.243362832,603<x<1206,x>75,0<x<24,0<x<52083,11<x<23,0<x<24,4<x<8,0<x<24,2<x<4,NO
785,0.572324438,0.230261579,x>1809,39<x<57,0<x<24,0<x<52083,23<x<34,0<x<24,4<x<8,0<x<24,0<x<2,NO
786,0.319378527,0.473244147,x>1809,21<x<39,0<x<24,0<x<52083,0<x<11,0<x<24,0<x<4,x>73,0<x<2,NO
787,0.166184038,0.226213976,603<x<1206,21<x<39,0<x<24,0<x<52083,11<x<23,0<x<24,4<x<8,0<x<24,4<x<6,NO
788,0.5444976579999999,0.514534013,1<x<603,57<x<75,0<x<24,0<x<52083,23<x<34,0<x<24,0<x<4,0<x<24,0<x<2,NO
789,0.901509849,0.361340457,x>1809,x>75,0<x<24,0<x<52083,23<x<34,0<x<24,4<x<8,0<x<24,0<x<2,NO
790,0.7144569390000001,0.08701765300000001,1<x<603,21<x<39,0<x<24,0<x<52083,11<x<23,0<x<24,0<x<4,0<x<24,x<2,NO
791,0.13895353800000002,0.913286004,603<x<1206,39<x<57,0<x<24,0<x<52083,11<x<23,0<x<24,4<x<8,0<x<24,0<x<2,NO
792,0.901795412,0.356499356,x>1809,21<x<39,0<x<24,0<x<52083,23<x<34,0<x<24,0<x<4,0<x<24,4<x<6,NO
793,0.319693442,0.7358164540000001,603<x<1206,x>75,x<24,0<x<52083,0<x<11,0<x<24,0<x<4,0<x<24,4<x<6,NO
794,0.06400657,0.16218618099999998,1<x<603,x>75,0<x<24,0<x<52083,23<x<34,x<24,x>12,x<24,x>6,NO
795,0.009654537,0.090524087,x>1809,39<x<57,0<x<24,0<x<52083,11<x<23,0<x<24,0<x<4,0<x<24,0<x<2,NO
796,0.006161491999999999,0.283612429,603<x<1206,57<x<75,0<x<24,0<x<52083,11<x<23,0<x<24,0<x<4,0<x<24,4<x<6,NO
797,0.032924722000000003,0.55068124,603<x<1206,57<x<75,0<x<24,0<x<52083,11<x<23,0<x<24,0<x<4,0<x<24,x>6,NO
798,0.428382755,0.382146601,603<x<1206,21<x<39,0<x<24,0<x<52083,11<x<23,x>73,4<x<8,0<x<24,0<x<2,NO
799,0.786357071,0.137820513,1206<x<1809,57<x<75,0<x<24,0<x<52083,23<x<34,0<x<24,x>12,0<x<24,0<x<2,NO
800,0.390088472,0.209961825,x>1809,39<x<57,0<x<24,0<x<52083,11<x<23,0<x<24,0<x<4,0<x<24,x>6,NO
801,0.966275454,0.437351223,1206<x<1809,x>75,0<x<24,0<x<52083,0<x<11,0<x<24,0<x<4,0<x<24,2<x<4,NO
802,0.964038058,0.070513488,1<x<603,21<x<39,0<x<24,0<x<52083,0<x<11,x<24,0<x<4,0<x<24,x<2,NO
803,0.530405318,0.13443319199999998,x>1809,x>75,0<x<24,0<x<52083,0<x<11,0<x<24,4<x<8,0<x<24,x<2,NO
804,0.510087113,0.262773723,603<x<1206,39<x<57,0<x<24,0<x<52083,x<11,x<24,4<x<8,0<x<24,4<x<6,NO
805,0.7003310509999999,0.175139978,1206<x<1809,57<x<75,0<x<24,0<x<52083,11<x<23,0<x<24,4<x<8,0<x<24,2<x<4,NO
806,0.724220984,0.432814229,1<x<603,39<x<57,x<24,0<x<52083,23<x<34,0<x<24,4<x<8,0<x<24,4<x<6,NO
807,0.113955442,0.367065868,603<x<1206,x>75,0<x<24,0<x<52083,23<x<34,0<x<24,0<x<4,0<x<24,x>6,NO
808,0.297094601,0.7358164540000001,x>1809,57<x<75,0<x<24,0<x<52083,11<x<23,x<24,x<4,0<x<24,0<x<2,NO
809,0.000307164,0.391427671,x>1809,57<x<75,0<x<24,0<x<52083,0<x<11,0<x<24,4<x<8,0<x<24,x<2,NO
810,0.240375962,0.29991431,1<x<603,21<x<39,0<x<24,0<x<52083,x>34,0<x<24,0<x<4,x<24,4<x<6,NO
811,0.245930854,0.527266028,x>1809,21<x<39,x<24,0<x<52083,11<x<23,0<x<24,8<x<12,0<x<24,4<x<6,NO
812,0.520689428,0.716118685,603<x<1206,39<x<57,0<x<24,0<x<52083,0<x<11,0<x<24,0<x<4,0<x<24,4<x<6,NO
813,0.041084962,28.0,1<x<603,57<x<75,0<x<24,0<x<52083,0<x<11,0<x<24,x>12,0<x<24,0<x<2,NO
814,0.00073798,0.37942033,x>1809,57<x<75,x<24,0<x<52083,0<x<11,0<x<24,0<x<4,0<x<24,x>6,NO
815,0.973339258,0.19144132,1<x<603,x>75,x<24,0<x<52083,23<x<34,0<x<24,0<x<4,x<24,x<2,NO
816,0.143931853,0.14792603699999998,1206<x<1809,57<x<75,0<x<24,0<x<52083,11<x<23,0<x<24,0<x<4,0<x<24,2<x<4,NO
817,0.496911825,0.375937344,1<x<603,21<x<39,0<x<24,0<x<52083,23<x<34,0<x<24,0<x<4,x>73,x>6,NO
818,0.023114333,0.527887839,x>1809,57<x<75,0<x<24,0<x<52083,0<x<11,0<x<24,0<x<4,x<24,x>6,NO
819,0.407186096,0.078437404,603<x<1206,21<x<39,0<x<24,0<x<52083,23<x<34,0<x<24,0<x<4,0<x<24,0<x<2,NO
820,1.048210842,0.31834083,1206<x<1809,x>75,x<24,0<x<52083,0<x<11,0<x<24,4<x<8,0<x<24,2<x<4,NO
821,0.016861692,0.336295473,603<x<1206,x<39,0<x<24,0<x<52083,23<x<34,0<x<24,0<x<4,0<x<24,2<x<4,NO
822,0.026048127,0.365384615,x>1809,21<x<39,0<x<24,0<x<52083,23<x<34,0<x<24,0<x<4,x>73,2<x<4,NO
823,0.203916305,1.206516118,x>1809,57<x<75,0<x<24,0<x<52083,23<x<34,0<x<24,0<x<4,0<x<24,x<2,NO
824,0.000115738,0.008248969,603<x<1206,21<x<39,0<x<24,0<x<52083,11<x<23,0<x<24,x>12,0<x<24,0<x<2,NO
825,0.728787735,0.43369976,1<x<603,21<x<39,0<x<24,0<x<52083,23<x<34,0<x<24,8<x<12,0<x<24,0<x<2,NO
826,0.02331266,0.563752087,603<x<1206,21<x<39,0<x<24,0<x<52083,11<x<23,0<x<24,4<x<8,0<x<24,x>6,NO
827,0.65818014,0.286938021,1206<x<1809,57<x<75,0<x<24,0<x<52083,11<x<23,0<x<24,4<x<8,0<x<24,4<x<6,NO
828,0.003503268,0.044488878,1206<x<1809,39<x<57,0<x<24,0<x<52083,0<x<11,x<24,x<4,0<x<24,0<x<2,NO
829,0.280334483,0.4375,1206<x<1809,x>75,0<x<24,0<x<52083,0<x<11,x<24,x>12,x>73,2<x<4,NO
830,0.13895353800000002,1.129227053,x>1809,21<x<39,0<x<24,0<x<52083,23<x<34,0<x<24,0<x<4,x<24,x>6,NO
831,0.454971915,0.230679837,603<x<1206,39<x<57,x<24,0<x<52083,0<x<11,x>73,4<x<8,0<x<24,4<x<6,NO
832,0.6918699909999999,0.765896315,603<x<1206,57<x<75,0<x<24,0<x<52083,23<x<34,0<x<24,x<4,0<x<24,4<x<6,NO
833,0.186868556,0.16069592,x>1809,x>75,0<x<24,0<x<52083,0<x<11,0<x<24,0<x<4,0<x<24,0<x<2,NO
834,0.037454421,0.004665112,1<x<603,57<x<75,0<x<24,0<x<52083,11<x<23,0<x<24,0<x<4,0<x<24,x>6,NO
835,0.133688867,0.119463561,x>1809,21<x<39,0<x<24,0<x<52083,11<x<23,0<x<24,8<x<12,0<x<24,2<x<4,NO
836,0.169233231,0.783073131,x>1809,57<x<75,0<x<24,0<x<52083,23<x<34,0<x<24,0<x<4,0<x<24,x>6,NO
837,0.025711593,0.601017347,603<x<1206,57<x<75,0<x<24,0<x<52083,0<x<11,x<24,4<x<8,0<x<24,0<x<2,NO
838,0.00077776,0.453174503,603<x<1206,57<x<75,x<24,0<x<52083,23<x<34,x>73,x>12,0<x<24,2<x<4,NO
839,0.57489301,0.057683967,1<x<603,21<x<39,x<24,0<x<52083,11<x<23,x>73,x<4,x<24,4<x<6,NO
840,0.008287427,0.7824267779999999,1206<x<1809,21<x<39,x<24,0<x<52083,0<x<11,0<x<24,0<x<4,x<24,4<x<6,NO
841,0.033983551,0.384359401,1<x<603,57<x<75,0<x<24,0<x<52083,23<x<34,0<x<24,8<x<12,0<x<24,0<x<2,NO
842,0.208583325,0.101514142,603<x<1206,39<x<57,0<x<24,0<x<52083,11<x<23,x<24,0<x<4,x<24,x<2,NO
843,0.03232503,0.188452887,603<x<1206,57<x<75,x<24,0<x<52083,0<x<11,0<x<24,4<x<8,0<x<24,x<2,NO
844,0.018796023,0.057983433,x>1809,57<x<75,x<24,0<x<52083,0<x<11,0<x<24,4<x<8,0<x<24,4<x<6,NO
845,0.15664578099999998,0.20097129,603<x<1206,57<x<75,0<x<24,0<x<52083,0<x<11,0<x<24,0<x<4,x<24,x<2,NO
846,0.036934189,0.801999355,1206<x<1809,57<x<75,0<x<24,0<x<52083,0<x<11,0<x<24,4<x<8,0<x<24,x<2,NO
847,0.688665867,0.07189620299999999,x>1809,21<x<39,0<x<24,0<x<52083,0<x<11,x>73,0<x<4,0<x<24,4<x<6,NO
848,0.004538163,0.466629119,1<x<603,x>75,0<x<24,0<x<52083,23<x<34,x<24,x<4,0<x<24,2<x<4,NO
849,0.008288705,0.186750428,1<x<603,21<x<39,0<x<24,0<x<52083,23<x<34,x>73,4<x<8,0<x<24,2<x<4,NO
850,0.041683931,0.047961631,x>1809,x>75,0<x<24,0<x<52083,x>34,0<x<24,0<x<4,0<x<24,x>6,NO
851,0.042970201,0.03988553,x>1809,x>75,0<x<24,0<x<52083,23<x<34,0<x<24,8<x<12,x>73,4<x<6,NO
852,0.134191514,0.396172522,1<x<603,57<x<75,x<24,0<x<52083,11<x<23,x>73,0<x<4,0<x<24,2<x<4,NO
853,0.125429152,0.262848568,x>1809,57<x<75,0<x<24,0<x<52083,x<11,x>73,8<x<12,0<x<24,4<x<6,NO
854,0.113085143,0.083799311,603<x<1206,21<x<39,0<x<24,0<x<52083,11<x<23,x>73,x>12,0<x<24,4<x<6,NO
855,0.236951515,0.153061224,x>1809,21<x<39,x<24,0<x<52083,23<x<34,0<x<24,4<x<8,x<24,2<x<4,NO
856,0.06418716299999999,0.7502008029999999,x>1809,57<x<75,0<x<24,0<x<52083,0<x<11,0<x<24,0<x<4,0<x<24,2<x<4,NO
857,0.255610417,0.446482564,603<x<1206,x<39,x<24,0<x<52083,23<x<34,0<x<24,0<x<4,0<x<24,4<x<6,NO
858,0.087910156,0.287622313,603<x<1206,57<x<75,0<x<24,0<x<52083,x<11,0<x<24,x<4,0<x<24,2<x<4,NO
859,0.038950934,0.00012837,1206<x<1809,x>75,0<x<24,0<x<52083,23<x<34,0<x<24,0<x<4,0<x<24,0<x<2,NO
860,0.052653171,0.118503539,603<x<1206,57<x<75,0<x<24,0<x<52083,11<x<23,0<x<24,4<x<8,0<x<24,x>6,NO
861,0.057661862,0.517468688,1<x<603,39<x<57,0<x<24,0<x<52083,x>34,0<x<24,4<x<8,x<24,x<2,NO
862,0.104693763,0.248864668,603<x<1206,21<x<39,0<x<24,0<x<52083,23<x<34,x>73,x<4,x>73,4<x<6,NO
863,0.033191773,0.468198992,1206<x<1809,x>75,0<x<24,0<x<52083,11<x<23,x>73,4<x<8,0<x<24,x>6,NO
864,0.343209383,0.098693759,603<x<1206,21<x<39,x>73,0<x<52083,11<x<23,0<x<24,0<x<4,0<x<24,x>6,NO
865,0.213785748,0.198656111,x>1809,57<x<75,0<x<24,0<x<52083,23<x<34,x>73,0<x<4,x>73,0<x<2,NO
866,0.297094601,0.006427653,1<x<603,x>75,0<x<24,0<x<52083,11<x<23,0<x<24,0<x<4,0<x<24,2<x<4,NO
867,0.03719769,0.119083018,1206<x<1809,21<x<39,x<24,0<x<52083,23<x<34,0<x<24,8<x<12,0<x<24,0<x<2,NO
868,0.289470539,0.2706115,1206<x<1809,x>75,0<x<24,0<x<52083,11<x<23,0<x<24,8<x<12,0<x<24,x>6,NO
869,0.905403469,0.188960516,x>1809,21<x<39,0<x<24,0<x<52083,11<x<23,0<x<24,8<x<12,0<x<24,0<x<2,NO
870,0.067512585,0.4842141,1206<x<1809,21<x<39,x>73,0<x<52083,23<x<34,0<x<24,4<x<8,0<x<24,2<x<4,NO
871,0.035940506000000004,0.214392804,1<x<603,39<x<57,0<x<24,0<x<52083,11<x<23,0<x<24,0<x<4,x>73,2<x<4,NO
872,0.020074662,0.16950693,1206<x<1809,57<x<75,x<24,0<x<52083,0<x<11,0<x<24,0<x<4,0<x<24,0<x<2,NO
873,0.14634433300000002,0.335438375,1<x<603,39<x<57,0<x<24,0<x<52083,0<x<11,0<x<24,4<x<8,0<x<24,0<x<2,NO
874,0.023237542000000003,0.494706249,603<x<1206,57<x<75,0<x<24,0<x<52083,23<x<34,x>73,0<x<4,0<x<24,4<x<6,NO
875,0.3713758620000001,0.234941265,x>1809,x>75,0<x<24,0<x<52083,11<x<23,0<x<24,4<x<8,0<x<24,0<x<2,NO
876,0.276986151,0.24150905,1206<x<1809,21<x<39,0<x<24,0<x<52083,0<x<11,0<x<24,x>12,0<x<24,x>6,NO
877,0.016118843,0.787513116,1<x<603,57<x<75,0<x<24,0<x<52083,0<x<11,0<x<24,4<x<8,0<x<24,x>6,NO
878,0.7096516140000001,0.501666162,x>1809,21<x<39,0<x<24,0<x<52083,0<x<11,0<x<24,x>12,0<x<24,2<x<4,NO
879,0.6821524290000001,0.00244798,603<x<1206,x>75,0<x<24,x<52083,11<x<23,x<24,x>12,0<x<24,2<x<4,NO
880,0.205031355,0.386728192,1<x<603,x>75,0<x<24,0<x<52083,11<x<23,x<24,0<x<4,0<x<24,2<x<4,NO
881,0.58896167,0.578676723,x>1809,39<x<57,x>73,0<x<52083,11<x<23,0<x<24,4<x<8,0<x<24,x>6,NO
882,0.302455804,0.278077082,1206<x<1809,39<x<57,0<x<24,0<x<52083,11<x<23,0<x<24,x>12,0<x<24,4<x<6,NO
883,0.028562367,0.50764847,1<x<603,x>75,0<x<24,0<x<52083,11<x<23,x>73,4<x<8,x>73,2<x<4,NO
884,0.020074662,1.908629442,1206<x<1809,21<x<39,0<x<24,0<x<52083,0<x<11,0<x<24,0<x<4,0<x<24,4<x<6,NO
885,0.060733396,0.057683967,1206<x<1809,x>75,0<x<24,0<x<52083,11<x<23,0<x<24,x>12,0<x<24,0<x<2,NO
886,0.016066131,0.325335893,603<x<1206,39<x<57,x<24,0<x<52083,11<x<23,0<x<24,4<x<8,0<x<24,0<x<2,NO
887,0.00857712,0.182433958,x>1809,21<x<39,0<x<24,0<x<52083,11<x<23,0<x<24,8<x<12,0<x<24,0<x<2,NO
888,0.266371179,0.433893685,1<x<603,57<x<75,x>73,0<x<52083,0<x<11,0<x<24,0<x<4,0<x<24,0<x<2,NO
889,0.0382584,0.648859731,1<x<603,39<x<57,0<x<24,0<x<52083,11<x<23,0<x<24,4<x<8,0<x<24,0<x<2,NO
890,0.26735262600000004,0.644670051,x>1809,x>75,0<x<24,0<x<52083,23<x<34,0<x<24,4<x<8,0<x<24,4<x<6,NO
891,0.032570498,0.003870718,1206<x<1809,39<x<57,0<x<24,0<x<52083,0<x<11,x<24,4<x<8,0<x<24,x>6,NO
892,0.162077194,0.237812128,x>1809,57<x<75,x>73,0<x<52083,23<x<34,0<x<24,4<x<8,x<24,x>6,NO
893,0.033191773,0.278226307,x>1809,x>75,0<x<24,0<x<52083,11<x<23,0<x<24,0<x<4,0<x<24,x>6,NO
894,0.25389671,0.121568627,1206<x<1809,21<x<39,x>73,0<x<52083,11<x<23,0<x<24,4<x<8,x>73,x<2,NO
895,0.08533829300000001,0.006124234,1206<x<1809,21<x<39,0<x<24,0<x<52083,23<x<34,0<x<24,0<x<4,x<24,4<x<6,NO
896,0.888008615,0.268693009,x>1809,21<x<39,x>73,0<x<52083,11<x<23,x<24,0<x<4,x>73,4<x<6,NO
897,0.347665233,0.05692407,1<x<603,21<x<39,x<24,0<x<52083,23<x<34,0<x<24,0<x<4,x<24,x>6,NO
898,0.093446262,0.281642229,603<x<1206,x>75,0<x<24,0<x<52083,11<x<23,x>73,8<x<12,0<x<24,0<x<2,NO
899,0.8191157840000001,0.258589038,603<x<1206,21<x<39,x<24,0<x<52083,23<x<34,0<x<24,0<x<4,0<x<24,2<x<4,NO
900,0.882164926,0.26287915300000003,603<x<1206,x>75,0<x<24,0<x<52083,23<x<34,0<x<24,0<x<4,0<x<24,4<x<6,NO
901,0.457431884,0.357444651,603<x<1206,x<39,0<x<24,0<x<52083,0<x<11,0<x<24,x>12,0<x<24,4<x<6,NO
902,0.093446262,0.220465601,1<x<603,21<x<39,0<x<24,0<x<52083,23<x<34,x<24,4<x<8,0<x<24,4<x<6,NO
903,0.386691448,0.414148447,1206<x<1809,21<x<39,0<x<24,0<x<52083,x<11,0<x<24,0<x<4,x<24,0<x<2,NO
904,0.106475741,0.235086836,x>1809,x>75,0<x<24,0<x<52083,23<x<34,0<x<24,8<x<12,0<x<24,x>6,NO
905,0.611393314,0.062189055,1206<x<1809,39<x<57,0<x<24,0<x<52083,11<x<23,0<x<24,0<x<4,x>73,x<2,NO
906,0.483301113,0.294852574,1206<x<1809,39<x<57,x>73,0<x<52083,23<x<34,0<x<24,4<x<8,0<x<24,x<2,NO
907,0.877124547,0.300174956,1<x<603,x>75,0<x<24,0<x<52083,23<x<34,0<x<24,0<x<4,0<x<24,0<x<2,NO
908,0.077358439,1.412587413,1<x<603,57<x<75,0<x<24,0<x<52083,11<x<23,0<x<24,0<x<4,0<x<24,2<x<4,NO
909,0.099272518,0.445646574,603<x<1206,x>75,0<x<24,0<x<52083,23<x<34,0<x<24,0<x<4,0<x<24,4<x<6,NO
910,0.125014705,0.259947774,x>1809,39<x<57,0<x<24,0<x<52083,0<x<11,0<x<24,0<x<4,0<x<24,x<2,NO
911,0.014083737,0.691183331,1206<x<1809,21<x<39,0<x<24,0<x<52083,0<x<11,0<x<24,4<x<8,0<x<24,4<x<6,NO
912,0.121227307,0.264079508,1<x<603,x>75,0<x<24,0<x<52083,0<x<11,0<x<24,4<x<8,x<24,x>6,NO
913,0.001905482,0.263956007,603<x<1206,57<x<75,0<x<24,0<x<52083,11<x<23,x<24,4<x<8,x<24,2<x<4,NO
914,0.02365588,0.274253271,1206<x<1809,57<x<75,0<x<24,0<x<52083,0<x<11,0<x<24,0<x<4,x<24,4<x<6,NO
915,0.117133186,0.498692509,603<x<1206,57<x<75,0<x<24,0<x<52083,11<x<23,0<x<24,4<x<8,0<x<24,4<x<6,NO
916,0.173784093,0.527887839,603<x<1206,x>75,0<x<24,0<x<52083,0<x<11,0<x<24,x>12,0<x<24,x>6,NO
917,0.06322697099999999,0.4063384270000001,1<x<603,x>75,0<x<24,0<x<52083,11<x<23,0<x<24,0<x<4,0<x<24,x<2,NO
918,0.495677056,0.283411686,1<x<603,39<x<57,0<x<24,0<x<52083,0<x<11,0<x<24,x<4,0<x<24,x<2,NO
919,0.946352367,0.327737096,1206<x<1809,57<x<75,0<x<24,0<x<52083,23<x<34,x>73,0<x<4,0<x<24,x>6,NO
920,0.004538163,0.2226598,1206<x<1809,39<x<57,0<x<24,0<x<52083,0<x<11,0<x<24,8<x<12,x<24,x>6,NO
921,0.006999364,0.436102527,x>1809,57<x<75,0<x<24,0<x<52083,11<x<23,0<x<24,x>12,0<x<24,x>6,NO
922,0.02365588,0.396354014,x>1809,x>75,0<x<24,0<x<52083,11<x<23,0<x<24,0<x<4,x<24,2<x<4,NO
923,0.921179803,0.32247662,x>1809,57<x<75,0<x<24,0<x<52083,11<x<23,x<24,4<x<8,x>73,x<2,NO
924,0.012689563,0.467359341,x>1809,21<x<39,0<x<24,0<x<52083,23<x<34,x>73,x<4,0<x<24,0<x<2,NO
925,0.162704663,0.260763359,1206<x<1809,39<x<57,0<x<24,0<x<52083,x>34,0<x<24,4<x<8,0<x<24,2<x<4,NO
926,0.087910156,0.390402399,603<x<1206,39<x<57,x<24,0<x<52083,x>34,0<x<24,8<x<12,x>73,4<x<6,NO
927,0.397702982,0.333583302,1206<x<1809,x>75,0<x<24,0<x<52083,x>34,x>73,4<x<8,0<x<24,4<x<6,NO
928,0.085363988,0.055915527,1206<x<1809,39<x<57,0<x<24,0<x<52083,0<x<11,0<x<24,4<x<8,0<x<24,0<x<2,NO
929,0.013204878,0.186225718,1<x<603,57<x<75,x<24,0<x<52083,0<x<11,0<x<24,4<x<8,0<x<24,x<2,NO
930,0.492643999,0.061422414,603<x<1206,39<x<57,0<x<24,0<x<52083,0<x<11,0<x<24,4<x<8,0<x<24,2<x<4,NO
931,0.295928252,0.8522355509999999,x>1809,57<x<75,0<x<24,0<x<52083,23<x<34,0<x<24,8<x<12,0<x<24,x>6,NO
932,0.185087574,1.608695652,x>1809,21<x<39,0<x<24,0<x<52083,0<x<11,x<24,0<x<4,0<x<24,0<x<2,NO
933,0.04564894,0.655812625,1206<x<1809,57<x<75,x>73,0<x<52083,23<x<34,0<x<24,0<x<4,x>73,0<x<2,NO
934,0.005326455,0.229471417,1<x<603,57<x<75,0<x<24,0<x<52083,0<x<11,0<x<24,4<x<8,x>73,x>6,NO
935,0.655147395,0.374304267,x>1809,21<x<39,0<x<24,0<x<52083,11<x<23,0<x<24,4<x<8,0<x<24,x<2,NO
936,0.066285085,0.425143453,603<x<1206,57<x<75,0<x<24,0<x<52083,0<x<11,0<x<24,8<x<12,0<x<24,2<x<4,NO
937,0.066928871,0.28672610600000004,1206<x<1809,x>75,0<x<24,0<x<52083,11<x<23,0<x<24,4<x<8,0<x<24,x<2,NO
938,0.17545213,0.16645238699999998,x>1809,21<x<39,x>73,0<x<52083,0<x<11,0<x<24,0<x<4,0<x<24,2<x<4,NO
939,0.484099985,0.319053619,1206<x<1809,57<x<75,0<x<24,0<x<52083,0<x<11,0<x<24,4<x<8,x<24,4<x<6,NO
940,0.10088331,0.051716769,603<x<1206,57<x<75,0<x<24,0<x<52083,x<11,0<x<24,x>12,x<24,0<x<2,NO
941,0.245744673,0.182522829,1<x<603,x>75,0<x<24,0<x<52083,0<x<11,0<x<24,4<x<8,0<x<24,x<2,NO
942,0.084826988,0.08405999300000001,1206<x<1809,57<x<75,0<x<24,0<x<52083,11<x<23,0<x<24,4<x<8,0<x<24,4<x<6,NO
943,0.08131073700000001,0.014802119,1206<x<1809,x>75,0<x<24,0<x<52083,11<x<23,0<x<24,0<x<4,x>73,2<x<4,NO
944,0.979246733,0.428758481,x>1809,57<x<75,0<x<24,0<x<52083,23<x<34,0<x<24,0<x<4,x>73,0<x<2,NO
945,0.50009998,0.369590815,1<x<603,x>75,0<x<24,0<x<52083,11<x<23,x<24,0<x<4,0<x<24,x>6,NO
946,0.640058527,0.478190226,x>1809,21<x<39,0<x<24,0<x<52083,x<11,0<x<24,0<x<4,0<x<24,2<x<4,NO
947,0.199666147,0.335438375,x>1809,x>75,x<24,0<x<52083,0<x<11,0<x<24,x>12,x>73,4<x<6,NO
948,0.041735628,0.478291378,603<x<1206,x>75,0<x<24,0<x<52083,23<x<34,0<x<24,0<x<4,0<x<24,2<x<4,NO
949,0.416194602,0.312937413,603<x<1206,39<x<57,0<x<24,0<x<52083,0<x<11,0<x<24,4<x<8,x<24,4<x<6,NO
950,0.023945636,0.092163472,1<x<603,57<x<75,0<x<24,0<x<52083,11<x<23,0<x<24,8<x<12,0<x<24,2<x<4,NO
951,0.805380755,0.147570486,1206<x<1809,57<x<75,0<x<24,0<x<52083,11<x<23,0<x<24,x<4,0<x<24,2<x<4,NO
952,0.014049887,0.03276419,1206<x<1809,57<x<75,0<x<24,0<x<52083,23<x<34,x<24,4<x<8,0<x<24,4<x<6,NO
953,0.173428408,0.170919325,603<x<1206,57<x<75,0<x<24,0<x<52083,x>34,0<x<24,x<4,0<x<24,2<x<4,NO
954,0.224555089,0.23319682,603<x<1206,57<x<75,0<x<24,0<x<52083,11<x<23,0<x<24,0<x<4,0<x<24,4<x<6,NO
955,0.10192376,11.92105263,1<x<603,21<x<39,x>73,0<x<52083,11<x<23,x<24,0<x<4,0<x<24,x>6,NO
956,0.103659756,0.154551135,x>1809,57<x<75,x<24,0<x<52083,x>34,0<x<24,4<x<8,0<x<24,0<x<2,NO
957,0.132820925,2.512269939,1<x<603,21<x<39,0<x<24,0<x<52083,23<x<34,0<x<24,4<x<8,0<x<24,2<x<4,NO
958,0.000115738,0.092762895,1206<x<1809,39<x<57,0<x<24,0<x<52083,0<x<11,0<x<24,0<x<4,0<x<24,4<x<6,NO
959,0.041191762,0.020381451,1<x<603,x>75,x<24,0<x<52083,23<x<34,0<x<24,4<x<8,0<x<24,x>6,NO
960,0.750260362,0.373940678,x>1809,39<x<57,0<x<24,0<x<52083,0<x<11,0<x<24,x>12,0<x<24,2<x<4,NO
961,0.017639294,0.7878030490000001,1<x<603,21<x<39,0<x<24,0<x<52083,0<x<11,0<x<24,0<x<4,0<x<24,0<x<2,NO
962,0.209546792,0.459220111,603<x<1206,39<x<57,0<x<24,0<x<52083,0<x<11,0<x<24,0<x<4,0<x<24,4<x<6,NO
963,0.373342184,0.359964004,1206<x<1809,57<x<75,0<x<24,0<x<52083,x>34,0<x<24,8<x<12,0<x<24,0<x<2,NO
964,0.433461198,0.43369976,603<x<1206,57<x<75,0<x<24,0<x<52083,23<x<34,0<x<24,4<x<8,x<24,x>6,NO
965,0.531963331,0.881655429,603<x<1206,57<x<75,0<x<24,0<x<52083,0<x<11,x>73,4<x<8,x>73,4<x<6,NO
966,0.118811275,0.409908909,1<x<603,39<x<57,0<x<24,0<x<52083,x>34,0<x<24,0<x<4,0<x<24,4<x<6,NO
967,0.033203829,0.151986183,1<x<603,57<x<75,x<24,0<x<52083,23<x<34,0<x<24,4<x<8,0<x<24,x>6,NO
968,0.26948375,0.349833333,1206<x<1809,x>75,0<x<24,0<x<52083,23<x<34,0<x<24,0<x<4,0<x<24,4<x<6,NO
969,0.371401036,0.420728964,x>1809,21<x<39,x>73,0<x<52083,0<x<11,x>73,x<4,0<x<24,2<x<4,NO
970,0.068038735,0.508163945,1<x<603,39<x<57,0<x<24,0<x<52083,23<x<34,x>73,0<x<4,x>73,x<2,NO
971,0.832104651,0.624692034,1<x<603,57<x<75,0<x<24,0<x<52083,11<x<23,0<x<24,4<x<8,0<x<24,0<x<2,NO
972,0.03833451,0.566105156,x>1809,x>75,0<x<24,0<x<52083,11<x<23,0<x<24,8<x<12,x>73,4<x<6,NO
973,2.760956175,0.0013269,1206<x<1809,39<x<57,0<x<24,0<x<52083,11<x<23,x<24,0<x<4,x<24,x>6,NO
974,0.009495252,0.261609907,603<x<1206,57<x<75,0<x<24,0<x<52083,23<x<34,0<x<24,0<x<4,0<x<24,2<x<4,NO
975,0.337520702,0.014069264,x>1809,21<x<39,0<x<24,0<x<52083,23<x<34,0<x<24,0<x<4,0<x<24,x>6,NO
976,0.047813534000000005,0.16222687800000002,1206<x<1809,57<x<75,0<x<24,0<x<52083,23<x<34,0<x<24,4<x<8,0<x<24,x>6,NO
977,0.106475741,0.73364486,x>1809,x<39,0<x<24,0<x<52083,0<x<11,x<24,0<x<4,x<24,4<x<6,NO
978,0.017845625,0.01343785,1<x<603,57<x<75,0<x<24,0<x<52083,23<x<34,0<x<24,0<x<4,0<x<24,4<x<6,NO
979,0.399033876,0.139429485,1206<x<1809,39<x<57,0<x<24,0<x<52083,23<x<34,x>73,4<x<8,0<x<24,x>6,NO
980,0.062093267,1.862758161,603<x<1206,39<x<57,0<x<24,0<x<52083,23<x<34,0<x<24,0<x<4,0<x<24,2<x<4,NO
981,0.4123986220000001,0.643568841,603<x<1206,57<x<75,0<x<24,0<x<52083,0<x<11,0<x<24,x>12,x<24,4<x<6,NO
982,0.203947961,0.6845681309999999,x>1809,39<x<57,0<x<24,0<x<52083,23<x<34,0<x<24,0<x<4,0<x<24,2<x<4,NO
983,0.003851709,0.375606969,x>1809,x>75,0<x<24,0<x<52083,23<x<34,0<x<24,4<x<8,0<x<24,0<x<2,NO
984,0.325306795,0.284428893,603<x<1206,39<x<57,x<24,0<x<52083,11<x<23,0<x<24,4<x<8,0<x<24,x>6,NO
985,0.17773046899999995,0.484398217,1<x<603,39<x<57,0<x<24,0<x<52083,0<x<11,x<24,0<x<4,0<x<24,0<x<2,NO
986,0.480988269,0.26687668800000003,1206<x<1809,21<x<39,0<x<24,0<x<52083,23<x<34,0<x<24,4<x<8,0<x<24,2<x<4,NO
987,0.979246733,0.285994648,1206<x<1809,39<x<57,0<x<24,0<x<52083,11<x<23,0<x<24,x<4,0<x<24,2<x<4,NO
988,0.012797706,0.280407101,x>1809,x>75,0<x<24,0<x<52083,11<x<23,0<x<24,0<x<4,0<x<24,2<x<4,NO
989,0.065245571,0.437996083,x>1809,39<x<57,0<x<24,0<x<52083,11<x<23,x>73,0<x<4,0<x<24,x>6,NO
990,0.008632035,1.504998001,603<x<1206,x>75,0<x<24,0<x<52083,11<x<23,0<x<24,0<x<4,0<x<24,0<x<2,NO
991,0.178964154,0.285777113,x>1809,x>75,0<x<24,0<x<52083,11<x<23,0<x<24,4<x<8,0<x<24,0<x<2,NO
992,0.099190841,0.246381372,1206<x<1809,x>75,0<x<24,0<x<52083,23<x<34,0<x<24,x<4,0<x<24,4<x<6,NO
993,0.060733396,0.096446701,x>1809,21<x<39,0<x<24,0<x<52083,0<x<11,0<x<24,4<x<8,0<x<24,0<x<2,NO
994,0.631259134,1.065901518,x>1809,x>75,0<x<24,0<x<52083,23<x<34,0<x<24,0<x<4,0<x<24,4<x<6,NO
995,0.10680013,0.513602495,1206<x<1809,21<x<39,0<x<24,0<x<52083,0<x<11,0<x<24,4<x<8,0<x<24,0<x<2,NO
996,0.041084962,0.2964495,603<x<1206,x<39,0<x<24,0<x<52083,0<x<11,0<x<24,x<4,x>73,x<2,NO
997,0.128049492,0.310741037,603<x<1206,x>75,x>73,0<x<52083,11<x<23,x>73,4<x<8,0<x<24,2<x<4,NO
998,0.555938038,0.043175147,1<x<603,39<x<57,x>73,0<x<52083,0<x<11,0<x<24,0<x<4,0<x<24,x<2,NO
999,0.409889289,0.284943011,1206<x<1809,21<x<39,0<x<24,0<x<52083,0<x<11,0<x<24,8<x<12,0<x<24,0<x<2,NO
